,date,totalCases,deaths,suspects,recovered,tests,vaccinated,vaccinated_second,activeCases,newVaccinated,newVaccinated_second
293,2020-03-22,1594,25,,,,,,,,
321,2020-03-23,1952,34,15867.0,8.0,,,,1910.0,,
349,2020-03-24,2255,47,17700.0,20.0,,,,2188.0,,
377,2020-03-25,2566,59,27227.0,27.0,,,,2480.0,,
405,2020-03-26,2990,77,50012.0,42.0,,,,2871.0,,
433,2020-03-27,3476,93,51903.0,42.0,,,,3341.0,,
461,2020-03-28,3955,115,53256.0,56.0,,,,3784.0,,
489,2020-03-29,4315,139,59066.0,56.0,,,,4120.0,,
517,2020-03-30,4663,166,58163.0,66.0,,,,4431.0,,
545,2020-03-31,5824,202,64941.0,66.0,,,,5556.0,,
573,2020-04-01,6931,244,64537.0,78.0,,,,6609.0,,
601,2020-04-02,8100,305,69980.0,78.0,,,,7717.0,,
629,2020-04-03,9212,365,72409.0,78.0,,,,8769.0,,
657,2020-04-04,10381,445,75599.0,78.0,,,,9858.0,,
685,2020-04-05,11424,497,77432.0,104.0,,,,10823.0,,
713,2020-04-06,12262,570,78016.0,355.0,,,,11337.0,,
741,2020-04-07,14083,691,92611.0,575.0,,,,12817.0,,
769,2020-04-08,16258,826,95190.0,796.0,,,,14636.0,,
797,2020-04-09,18195,959,101430.0,845.0,,,,16391.0,,
825,2020-04-10,19937,1073,117103.0,999.0,,,,17865.0,,
853,2020-04-11,20992,1141,116697.0,1016.0,,,,18835.0,,
881,2020-04-12,22456,1237,119817.0,1080.0,,,,20139.0,,
909,2020-04-13,23868,1357,122545.0,2977.0,,,,19534.0,,
937,2020-04-14,25777,1557,125661.0,3152.0,,,,21068.0,,
965,2020-04-15,29019,1760,127808.0,4273.0,,,,22986.0,,
993,2020-04-16,31101,1962,131354.0,4471.0,,,,24668.0,,
1021,2020-04-17,34397,2173,140962.0,5032.0,,,,27192.0,,
1049,2020-04-18,37175,2375,144535.0,5157.0,,,,29643.0,,
1077,2020-04-19,39197,2491,148191.0,5618.0,,,,31088.0,,
1105,2020-04-20,40937,2598,150556.0,6722.0,,,,31617.0,,
1133,2020-04-21,43679,2772,160377.0,7407.0,,,,33500.0,,
1161,2020-04-22,46419,2941,161004.0,8594.0,,,,34884.0,,
1189,2020-04-23,50298,3349,162940.0,9160.0,,,,37789.0,,
1217,2020-04-24,54208,3722,164897.0,10456.0,,,,40030.0,,
1245,2020-04-25,59507,4074,177807.0,11760.0,,,,43673.0,,
1273,2020-04-26,63222,4301,181924.0,12514.0,179698.0,,,46407.0,,
1301,2020-04-27,67367,4606,188205.0,13850.0,187145.0,,,48911.0,,
1329,2020-04-28,73598,5094,192629.0,15309.0,189730.0,,,53195.0,,
1357,2020-04-29,79799,5537,197625.0,16206.0,194407.0,,,58056.0,,
1385,2020-04-30,87121,5980,219598.0,18241.0,238863.0,,,62900.0,,
1413,2020-05-01,92665,6439,228335.0,19557.0,238863.0,,,66669.0,,
1441,2020-05-02,97578,6810,230734.0,20680.0,238863.0,,,70088.0,,
1469,2020-05-03,102023,7077,236614.0,21619.0,250023.0,,,73327.0,,
1497,2020-05-04,109005,7381,234778.0,22599.0,250291.0,,,79025.0,,
1525,2020-05-05,116412,7972,235844.0,24721.0,250291.0,,,83719.0,,
1553,2020-05-06,126951,8597,251417.0,29175.0,299004.0,,,89179.0,,
1581,2020-05-07,136687,9272,263089.0,34745.0,300565.0,,,92670.0,,
1609,2020-05-08,147089,10026,270166.0,36382.0,300565.0,,,100681.0,,
1637,2020-05-09,157251,10697,278561.0,39664.0,300565.0,,,106890.0,,
1665,2020-05-10,163510,11175,282594.0,48361.0,359273.0,,,103974.0,,
1693,2020-05-11,169729,11660,286633.0,51415.0,359273.0,,,106654.0,,
1721,2020-05-12,179333,12502,291636.0,56348.0,359273.0,,,110483.0,,
1749,2020-05-13,191028,13280,293234.0,62543.0,359273.0,,,115205.0,,
1777,2020-05-14,205158,14069,312279.0,69313.0,430405.0,,,121776.0,,
1805,2020-05-15,220620,14983,320559.0,73615.0,466209.0,,,132022.0,,
1833,2020-05-16,234675,15702,325939.0,79883.0,466209.0,,,139090.0,,
1861,2020-05-17,242344,16202,324989.0,83525.0,466209.0,,,142617.0,,
1889,2020-05-18,256899,16924,371828.0,94294.0,583549.0,,,145681.0,,
1917,2020-05-19,274382,18074,357562.0,102197.0,583549.0,,,154111.0,,
1945,2020-05-20,294603,19059,368166.0,112074.0,583549.0,,,163470.0,,
1973,2020-05-21,312746,20128,370025.0,122013.0,583549.0,,,170605.0,,
2001,2020-05-22,334544,21159,390786.0,131078.0,705048.0,,,182307.0,,
2029,2020-05-23,351554,22205,397461.0,151300.0,705289.0,,,178049.0,,
2057,2020-05-24,366031,22863,407438.0,163583.0,705289.0,,,179585.0,,
2085,2020-05-25,378810,23589,408031.0,171023.0,846669.0,,,184198.0,,
2113,2020-05-26,395133,24644,409042.0,181069.0,883885.0,,,189420.0,,
2141,2020-05-27,415331,25704,433254.0,190847.0,883885.0,,,198780.0,,
2169,2020-05-28,443664,26893,438008.0,202757.0,935748.0,,,214014.0,,
2197,2020-05-29,470554,28031,448612.0,216641.0,1084104.0,,,225882.0,,
2225,2020-05-30,502874,28895,464824.0,259340.0,1104772.0,,,214639.0,,
2253,2020-05-31,516096,29365,468308.0,270248.0,1104772.0,,,216483.0,,
2281,2020-06-01,531245,30107,469746.0,281394.0,1104772.0,,,219744.0,,
2309,2020-06-02,562917,31471,477224.0,295743.0,1247455.0,,,235703.0,,
2337,2020-06-03,589002,32665,498111.0,306346.0,1247455.0,,,249991.0,,
2365,2020-06-04,620952,34175,505516.0,322965.0,1247455.0,,,263812.0,,
2393,2020-06-05,653050,35251,552662.0,343001.0,1375741.0,,,274798.0,,
2421,2020-06-06,676840,36052,571355.0,356563.0,1470260.0,,,284225.0,,
2449,2020-06-07,694825,36528,574654.0,368135.0,1470260.0,,,290162.0,,
2477,2020-06-08,712160,37391,577781.0,379886.0,1470260.0,,,294883.0,,
2505,2020-06-09,743852,38584,588300.0,398366.0,1605960.0,,,306902.0,,
2533,2020-06-10,777641,39820,609821.0,415545.0,1605960.0,,,322276.0,,
2561,2020-06-11,806399,41089,641947.0,433145.0,1605960.0,,,332165.0,,
2589,2020-06-12,830654,41931,642237.0,447197.0,1605960.0,,,341526.0,,
2617,2020-06-13,851843,42788,654713.0,461510.0,1826663.0,,,347545.0,,
2645,2020-06-14,868635,43422,635617.0,471215.0,1828459.0,,,353998.0,,
2673,2020-06-15,893251,44186,632654.0,479783.0,1828459.0,,,369282.0,,
2701,2020-06-16,930233,45518,647347.0,492079.0,1828459.0,,,392636.0,,
2729,2020-06-17,961153,46703,667661.0,523450.0,2117602.0,,,391000.0,,
2757,2020-06-18,986670,47940,674042.0,537266.0,2550648.0,,,401464.0,,
2785,2020-06-19,1042725,49112,690406.0,558812.0,2550648.0,,,434801.0,,
2813,2020-06-20,1071579,50094,703893.0,591760.0,2550648.0,,,429725.0,,
2841,2020-06-21,1088145,50703,705788.0,603482.0,2782076.0,,,433960.0,,
2869,2020-06-22,1114633,51438,703204.0,617491.0,2782076.0,,,445704.0,,
2897,2020-06-23,1154133,52843,705799.0,631012.0,2782076.0,,,470278.0,,
2925,2020-06-24,1195186,53953,712681.0,663155.0,2793176.0,,,478078.0,,
2953,2020-06-25,1236650,55126,695858.0,684348.0,2793176.0,,,497176.0,,
2981,2020-06-26,1281531,56118,710170.0,706569.0,3157120.0,,,518844.0,,
3009,2020-06-27,1318449,57153,708323.0,731780.0,3157120.0,,,529516.0,,
3037,2020-06-28,1351439,57753,709836.0,750188.0,3157120.0,,,543498.0,,
3065,2020-06-29,1372878,58467,727018.0,761981.0,3203771.0,,,552430.0,,
3093,2020-06-30,1412558,59781,739535.0,792488.0,3203771.0,,,560289.0,,
3121,2020-07-01,1459383,60867,747616.0,930362.0,3504141.0,,,468154.0,,
3149,2020-07-02,1503781,62125,751144.0,966910.0,3504141.0,,,474746.0,,
3177,2020-07-03,1546819,63338,773235.0,990688.0,3504141.0,,,492793.0,,
3205,2020-07-04,1580385,64395,782500.0,1020024.0,3504141.0,,,495966.0,,
3233,2020-07-05,1605577,64954,780207.0,1044332.0,3889883.0,,,496291.0,,
3261,2020-07-06,1630029,65637,787252.0,1068615.0,3889883.0,,,495777.0,,
3289,2020-07-07,1676725,66936,797262.0,1113085.0,3889883.0,,,496704.0,,
3317,2020-07-08,1721974,68109,817764.0,1146728.0,4287499.0,,,507137.0,,
3345,2020-07-09,1764930,69331,827775.0,1175420.0,4287499.0,,,520179.0,,
3373,2020-07-10,1809240,70630,887741.0,1217361.0,4287499.0,,,521249.0,,
3401,2020-07-11,1844186,71561,892187.0,1244088.0,4869986.0,,,528537.0,,
3429,2020-07-12,1867843,72178,888046.0,1264843.0,4870980.0,,,530822.0,,
3457,2020-07-13,1890382,73010,886727.0,1291251.0,4870980.0,,,526121.0,,
3485,2020-07-14,1933152,74311,916266.0,1328535.0,4870980.0,,,530306.0,,
3513,2020-07-15,1973716,75582,932931.0,1367648.0,5074948.0,,,530486.0,,
3541,2020-07-16,2017554,76902,937349.0,1398471.0,5233799.0,,,542181.0,,
3569,2020-07-17,2052234,78025,919587.0,1428733.0,5233799.0,,,545476.0,,
3597,2020-07-18,2077928,78869,921836.0,1459072.0,5233799.0,,,539987.0,,
3625,2020-07-19,2101144,79572,921194.0,1489635.0,5233799.0,,,531937.0,,
3653,2020-07-20,2124152,80346,928969.0,1521443.0,5535729.0,,,522363.0,,
3681,2020-07-21,2171079,81663,937261.0,1576168.0,5535729.0,,,513248.0,,
3709,2020-07-22,2237229,82959,941990.0,1620313.0,5535729.0,,,533957.0,,
3737,2020-07-23,2294555,84272,977662.0,1693214.0,5535729.0,,,517069.0,,
3765,2020-07-24,2351305,85414,1000699.0,1751922.0,6047128.0,,,513969.0,,
3793,2020-07-25,2398833,86522,1003919.0,1787593.0,6047128.0,,,524718.0,,
3821,2020-07-26,2421503,87093,1008016.0,1812913.0,6047128.0,,,521497.0,,
3849,2020-07-27,2449501,87777,1011487.0,1848326.0,6047128.0,,,513398.0,,
3877,2020-07-28,2503496,89034,1053208.0,1885035.0,6359398.0,,,529427.0,,
3905,2020-07-29,2558935,90232,1066739.0,1930579.0,6359398.0,,,538124.0,,
3933,2020-07-30,2617096,91434,1073615.0,1964858.0,6988772.0,,,560804.0,,
3961,2020-07-31,2670238,92705,1079525.0,2008854.0,6988772.0,,,568679.0,,
3989,2020-08-01,2711763,93642,1077192.0,2046101.0,6988772.0,,,572020.0,,
4017,2020-08-02,2735981,94177,1055952.0,2070779.0,8179160.0,,,571025.0,,
4045,2020-08-03,2755928,94775,1057182.0,2098976.0,8179160.0,,,562177.0,,
4073,2020-08-04,2811939,96096,1065394.0,2157553.0,8185369.0,,,558290.0,,
4101,2020-08-05,2868616,97487,1027452.0,2193786.0,8185369.0,,,577343.0,,
4129,2020-08-06,2922350,98712,1038623.0,2250192.0,8477624.0,,,573446.0,,
4157,2020-08-07,2972008,99796,1052114.0,2281074.0,8477624.0,,,591138.0,,
4185,2020-08-08,3018122,100621,1057423.0,2321560.0,8477624.0,,,595941.0,,
4213,2020-08-09,3040863,101189,1070268.0,2356983.0,8638045.0,,,582691.0,,
4241,2020-08-10,3067485,101978,1070388.0,2396860.0,9130523.0,,,568647.0,,
4269,2020-08-11,3118070,103159,1074176.0,2450664.0,9130523.0,,,564247.0,,
4297,2020-08-12,3172946,104350,1597938.0,2506448.0,9497419.0,,,562148.0,,
4325,2020-08-13,3233770,105578,1603169.0,2529245.0,9497419.0,,,598947.0,,
4353,2020-08-14,3283227,106591,1599922.0,2587612.0,10255722.0,,,589024.0,,
4381,2020-08-15,3320078,107321,1602840.0,2622878.0,10255722.0,,,589879.0,,
4409,2020-08-16,3343114,107915,1618414.0,2661233.0,10570174.0,,,573966.0,,
4437,2020-08-17,3367250,108700,1621927.0,2699080.0,10570174.0,,,559470.0,,
4465,2020-08-18,3416112,110047,1625197.0,2751518.0,10570174.0,,,554547.0,,
4493,2020-08-19,3464419,111203,1631219.0,2801931.0,10570174.0,,,551285.0,,
4521,2020-08-20,3507370,112439,1815614.0,2844318.0,10980583.0,,,550613.0,,
4549,2020-08-21,3539936,113503,1821296.0,2879361.0,11005604.0,,,547072.0,,
4577,2020-08-22,3586055,114331,1820287.0,2919647.0,11005604.0,,,552077.0,,
4605,2020-08-23,3607890,114787,1860031.0,2948815.0,11005604.0,,,544288.0,,
4633,2020-08-24,3631014,115494,1865172.0,2987729.0,11193479.0,,,527791.0,,
4661,2020-08-25,3677303,116698,1868953.0,3032551.0,11193479.0,,,528054.0,,
4689,2020-08-26,3725436,117782,1876011.0,3082447.0,11193479.0,,,525207.0,,
4717,2020-08-27,3767790,118766,1837705.0,3124465.0,11210798.0,,,524559.0,,
4745,2020-08-28,3811784,119611,1844484.0,3158783.0,11210798.0,,,533390.0,,
4773,2020-08-29,3849381,120520,1918414.0,3202185.0,11682165.0,,,526676.0,,
4801,2020-08-30,3864046,120919,1921404.0,3237615.0,11682165.0,,,505512.0,,
4829,2020-08-31,3913910,121558,1922047.0,3304354.0,11682165.0,,,487998.0,,
4857,2020-09-01,3958085,122717,1932996.0,3353637.0,11907217.0,,,481731.0,,
4885,2020-09-02,4004680,123920,1957442.0,3393078.0,11933975.0,,,487682.0,,
4913,2020-09-03,4051501,124791,1961411.0,3429435.0,11953385.0,,,497275.0,,
4941,2020-09-04,4091389,125638,1955844.0,3467525.0,11953385.0,,,498226.0,,
4969,2020-09-05,4125264,126245,1970393.0,3499469.0,11953385.0,,,499550.0,,
4997,2020-09-06,4139961,126702,1970119.0,3522155.0,11953385.0,,,491104.0,,
5025,2020-09-07,4149501,127024,2003196.0,3549201.0,13270898.0,,,473276.0,,
5053,2020-09-08,4168262,127545,2009001.0,3572421.0,13270898.0,,,468296.0,,
5081,2020-09-09,4205375,128704,2007620.0,3611632.0,13270898.0,,,465039.0,,
5109,2020-09-10,4246120,129678,2007352.0,3657701.0,13270898.0,,,458741.0,,
5137,2020-09-11,4287571,130525,2003022.0,3695158.0,13807456.0,,,461888.0,,
5165,2020-09-12,4318440,131293,2003750.0,3723206.0,13836559.0,,,463941.0,,
5193,2020-09-13,4332459,131698,2002467.0,3748895.0,13836559.0,,,451866.0,,
5221,2020-09-14,4352784,132154,1999342.0,3770138.0,13836559.0,,,450492.0,,
5249,2020-09-15,4387523,133238,2007221.0,3811505.0,13836559.0,,,442780.0,,
5277,2020-09-16,4424899,134200,2309561.0,3853829.0,14149045.0,,,436870.0,,
5305,2020-09-17,4461298,135069,2311508.0,3873934.0,14166928.0,,,452295.0,,
5333,2020-09-18,4501015,135897,2317353.0,3908897.0,14166928.0,,,456221.0,,
5361,2020-09-19,4530570,136578,2316944.0,3937914.0,14166928.0,,,456078.0,,
5389,2020-09-20,4546008,136929,2315521.0,3963446.0,14166928.0,,,445633.0,,
5417,2020-09-21,4563333,137391,2319134.0,3979644.0,14457260.0,,,446298.0,,
5445,2020-09-22,4598592,138188,2319693.0,4040987.0,14457260.0,,,419417.0,,
5473,2020-09-23,4631316,139120,2321202.0,4070983.0,14457260.0,,,421213.0,,
5501,2020-09-24,4663326,139914,2332463.0,4109792.0,15096660.0,,,413620.0,,
5529,2020-09-25,4695634,140736,2335105.0,4130667.0,15096660.0,,,424231.0,,
5557,2020-09-26,4720349,141458,2336932.0,4153267.0,15096660.0,,,425624.0,,
5585,2020-09-27,4734134,141797,2336385.0,4172711.0,15096660.0,,,419626.0,,
5613,2020-09-28,4750999,142187,2334820.0,4197372.0,15096660.0,,,411440.0,,
5641,2020-09-29,4783728,143043,2355891.0,4237152.0,15375387.0,,,403533.0,,
5669,2020-09-30,4816721,144027,2450932.0,4274774.0,15412955.0,,,397920.0,,
5697,2020-10-01,4852496,144800,2457302.0,4299659.0,15412955.0,,,408037.0,,
5725,2020-10-02,4885312,145454,2505248.0,4324700.0,15412955.0,,,415158.0,,
5753,2020-10-03,4908044,146026,2517587.0,4361108.0,15715116.0,,,400910.0,,
5781,2020-10-04,4917033,146400,2517511.0,4376667.0,15715116.0,,,393966.0,,
5809,2020-10-05,4943077,146793,2443135.0,4400214.0,15715116.0,,,396070.0,,
5837,2020-10-06,4974599,147603,2446771.0,4430340.0,15715116.0,,,396656.0,,
5865,2020-10-07,5005531,148328,2457664.0,4458274.0,15715116.0,,,398929.0,,
5893,2020-10-08,5032347,149061,2466210.0,4486954.0,16037030.0,,,396332.0,,
5921,2020-10-09,5060081,149715,2471242.0,4502170.0,16037030.0,,,408196.0,,
5949,2020-10-10,5083834,150248,2473908.0,4529778.0,16772127.0,,,403808.0,,
5977,2020-10-11,5096023,150526,2473908.0,4553223.0,16772127.0,,,392274.0,,
6005,2020-10-12,5104656,150720,2473908.0,4575656.0,16772127.0,,,378280.0,,
6033,2020-10-13,5118010,151097,2473908.0,4596565.0,16772127.0,,,370348.0,,
6061,2020-10-14,5145847,151830,2473908.0,4626943.0,16772127.0,,,367074.0,,
6089,2020-10-15,5176270,152644,2473908.0,4655705.0,16772127.0,,,367921.0,,
6117,2020-10-16,5204863,153287,2473908.0,4678510.0,16772127.0,,,373066.0,,
6145,2020-10-17,5225639,153702,2473908.0,4701636.0,16772127.0,,,370301.0,,
6173,2020-10-18,5237689,153937,2473908.0,4716887.0,16772127.0,,,366865.0,,
6201,2020-10-19,5254266,154263,2473908.0,4736903.0,16772127.0,,,363100.0,,
6229,2020-10-20,5278029,154911,2473908.0,4761602.0,16772127.0,,,361516.0,,
6257,2020-10-21,5303882,155481,2473908.0,4785118.0,16772127.0,,,363283.0,,
6285,2020-10-22,5328647,155986,2473908.0,4805356.0,16772127.0,,,367305.0,,
6313,2020-10-23,5358559,156549,2473908.0,4824464.0,16772127.0,,,377546.0,,
6341,2020-10-24,5383623,156936,2473908.0,4847528.0,16772127.0,,,379159.0,,
6369,2020-10-25,5395876,157169,2473908.0,4866894.0,16772127.0,,,371813.0,,
6397,2020-10-26,5414483,157471,2473908.0,4895737.0,16772127.0,,,361275.0,,
6425,2020-10-27,5444438,157996,2499203.0,4914733.0,18736824.0,,,371709.0,,
6453,2020-10-28,5472813,158501,2498603.0,4947777.0,18816082.0,,,366535.0,,
6481,2020-10-29,5499497,159052,2503263.0,4962574.0,18845636.0,,,377871.0,,
6509,2020-10-30,5523861,159625,2505061.0,4987435.0,18894312.0,,,376801.0,,
6537,2020-10-31,5537027,159917,2511155.0,5005161.0,21374279.0,,,371949.0,,
6565,2020-11-01,5547214,160120,2511155.0,5022438.0,21406521.0,,,364656.0,,
6593,2020-11-02,5555463,160285,2503731.0,5039438.0,21426648.0,,,355740.0,,
6621,2020-11-03,5570044,160573,2498596.0,5060697.0,21455397.0,,,348774.0,,
6649,2020-11-04,5593357,161191,2501446.0,5078162.0,21518065.0,,,354004.0,,
6677,2020-11-05,5617199,161794,2508455.0,5102762.0,21635781.0,,,352643.0,,
6705,2020-11-06,5637399,162065,2516051.0,5118156.0,21682101.0,,,357178.0,,
6733,2020-11-07,5655142,162293,2522720.0,5138641.0,21744150.0,,,354208.0,,
6761,2020-11-08,5665644,162483,2522720.0,5147172.0,21766350.0,,,355989.0,,
6789,2020-11-09,5679056,162669,2520095.0,5163226.0,21811819.0,,,353161.0,,
6817,2020-11-10,5725477,162867,2520095.0,5183970.0,21878411.0,,,378640.0,,
6845,2020-11-11,5751721,163441,2520095.0,5222937.0,21908724.0,,,365343.0,,
6873,2020-11-12,5785622,164374,2520095.0,5254457.0,22008774.0,,,366791.0,,
6901,2020-11-13,5824337,164950,2520095.0,5274812.0,22084995.0,,,384575.0,,
6929,2020-11-14,5850614,165684,2520095.0,5279452.0,22089038.0,,,405478.0,,
6957,2020-11-15,5864519,165824,2520095.0,5280855.0,22089038.0,,,417840.0,,
6985,2020-11-16,5880260,166081,2520095.0,5335498.0,22223755.0,,,378681.0,,
7013,2020-11-17,5915748,166759,2520095.0,5358299.0,22274567.0,,,390690.0,,
7041,2020-11-18,5950278,167514,2520095.0,5383385.0,22357626.0,,,399379.0,,
7069,2020-11-19,5986259,168161,2520095.0,5406066.0,22420323.0,,,412032.0,,
7097,2020-11-20,6025117,168675,2520095.0,5430896.0,22503688.0,,,425546.0,,
7125,2020-11-21,6055338,169032,2520095.0,5437189.0,22528947.0,,,449117.0,,
7153,2020-11-22,6073263,169210,2520095.0,5459306.0,22564250.0,,,444747.0,,
7181,2020-11-23,6091419,169565,2520095.0,5481184.0,22634876.0,,,440670.0,,
7209,2020-11-24,6125948,170192,2520095.0,5509645.0,22711485.0,,,446111.0,,
7237,2020-11-25,6170571,170815,2520095.0,5534010.0,22780858.0,,,465746.0,,
7265,2020-11-26,6211453,171525,2520095.0,5556887.0,22879792.0,,,483041.0,,
7293,2020-11-27,6244960,172084,2520095.0,5581436.0,22999678.0,,,491440.0,,
7321,2020-11-28,6296444,172628,2520095.0,5583425.0,22999678.0,,,540391.0,,
7349,2020-11-29,6317452,172861,2520095.0,5584588.0,22999678.0,,,560003.0,,
7377,2020-11-30,6341143,173212,2520095.0,5681648.0,23183521.0,,,486283.0,,
7405,2020-12-01,6393127,173897,2520095.0,5712305.0,25667025.0,,,506925.0,,
7433,2020-12-02,6441599,174576,2520095.0,5759294.0,25736998.0,,,507729.0,,
7461,2020-12-03,6491732,175337,2520095.0,5792539.0,25847171.0,,,523856.0,,
7489,2020-12-04,6539401,176015,2520095.0,5825745.0,25925584.0,,,537641.0,,
7517,2020-12-05,6579682,176662,2520095.0,5864838.0,25957935.0,,,538182.0,,
7545,2020-12-06,6606112,177002,2520095.0,5869420.0,25966103.0,,,559690.0,,
7573,2020-12-07,6633131,177427,2520095.0,5917337.0,26074986.0,,,538367.0,,
7601,2020-12-08,6680926,178224,2520095.0,5966118.0,26153478.0,,,536584.0,,
7629,2020-12-09,6735507,179077,2520095.0,5970320.0,26153478.0,,,586110.0,,
7657,2020-12-10,6789053,179846,2520095.0,6043219.0,26309534.0,,,565988.0,,
7685,2020-12-11,6841598,180507,2520095.0,6078287.0,26489470.0,,,582804.0,,
7713,2020-12-12,6883919,181184,2520095.0,6083155.0,26492110.0,,,619580.0,,
7741,2020-12-13,6905948,181479,2520095.0,6138349.0,26596658.0,,,586120.0,,
7769,2020-12-14,6933321,181992,2520095.0,6158049.0,26625122.0,,,593280.0,,
7797,2020-12-15,6981348,182926,2520095.0,6206483.0,26720982.0,,,591939.0,,
7825,2020-12-16,7047468,183867,2520095.0,6239192.0,26765768.0,,,624409.0,,
7853,2020-12-17,7116157,184927,2520095.0,6301547.0,26916786.0,,,629683.0,,
7881,2020-12-18,7169003,185743,2520095.0,6322955.0,26940294.0,,,660305.0,,
7909,2020-12-19,7217242,186402,2520095.0,6388938.0,27044505.0,,,641902.0,,
7937,2020-12-20,7241724,186820,2520095.0,6412156.0,27092095.0,,,642748.0,,
7965,2020-12-21,7269364,187381,2520095.0,6469310.0,27179327.0,,,612673.0,,
7993,2020-12-22,7326025,188350,2520095.0,6501341.0,27234590.0,,,636334.0,,
8021,2020-12-23,7371692,189315,2520095.0,6518805.0,27246435.0,,,663572.0,,
8049,2020-12-24,7429901,190075,2520095.0,6523897.0,27246435.0,,,715929.0,,
8077,2020-12-25,7451081,190557,2520095.0,6527267.0,27246435.0,,,733257.0,,
8105,2020-12-26,7468614,190853,2520095.0,6654189.0,27464362.0,,,623572.0,,
8133,2020-12-27,7486226,191190,2520095.0,6678793.0,27480401.0,,,616243.0,,
8161,2020-12-28,7513661,191727,2520095.0,6714031.0,29017161.0,,,607903.0,,
8189,2020-12-29,7570028,192777,2520095.0,6754111.0,29067010.0,,,623140.0,,
8217,2020-12-30,7625621,193993,2520095.0,6814092.0,29170573.0,,,617536.0,,
8245,2020-12-31,7680082,195008,2520095.0,6848844.0,29244757.0,,,636230.0,,
8273,2021-01-01,7703019,195478,2520095.0,6855372.0,29249432.0,,,652169.0,,
8301,2021-01-02,7718370,195770,2520095.0,6893256.0,29298771.0,,,629344.0,,
8329,2021-01-03,7735559,196081,2520095.0,6904382.0,29325305.0,,,635096.0,,
8357,2021-01-04,7760589,196675,2520095.0,6950045.0,29360809.0,,,613869.0,,
8385,2021-01-05,7818670,197863,2520095.0,6995541.0,29433114.0,,,625266.0,,
8413,2021-01-06,7881151,199093,2520095.0,7033286.0,29498348.0,,,648772.0,,
8441,2021-01-07,7969106,200611,2520095.0,7081521.0,29561570.0,,,686974.0,,
8469,2021-01-08,8028682,201689,2520095.0,7136817.0,29638759.0,,,690176.0,,
8497,2021-01-09,8080070,202697,2520095.0,7205410.0,29691328.0,,,671963.0,,
8525,2021-01-10,8109097,203186,2520095.0,7231336.0,29723641.0,,,674575.0,,
8553,2021-01-11,8139836,203677,2520095.0,7273237.0,29818855.0,,,662922.0,,
8581,2021-01-12,8204251,204802,2520095.0,7284945.0,29826084.0,,,714504.0,,
8609,2021-01-13,8264057,206066,2520095.0,7348189.0,29955213.0,,,709802.0,,
8637,2021-01-14,8332374,207220,2520095.0,7394739.0,30024424.0,,,730415.0,,
8665,2021-01-15,8401461,208356,2520095.0,7438075.0,30124644.0,,,755030.0,,
8693,2021-01-16,8459899,209370,2520095.0,7485823.0,30194431.0,,,764706.0,,
8721,2021-01-17,8491313,209921,3718483.0,7522851.0,30244995.0,371.0,99.0,758541.0,,
8749,2021-01-18,8520237,210397,3718483.0,7560460.0,30334083.0,1621.0,116.0,749380.0,1250.0,17.0
8777,2021-01-19,8582374,211557,3725819.0,7618080.0,30417016.0,15934.0,147.0,752737.0,14313.0,31.0
8805,2021-01-20,8646844,212952,3747143.0,7624849.0,30417016.0,124620.0,214.0,809043.0,108686.0,67.0
8833,2021-01-21,8705781,214299,3747143.0,7673092.0,30488673.0,270572.0,458.0,818390.0,145952.0,244.0
8861,2021-01-22,8762372,215370,3747143.0,7754675.0,30663982.0,617925.0,854.0,792327.0,347353.0,396.0
8889,2021-01-23,8820666,216515,3747143.0,7791551.0,30689586.0,742705.0,932.0,812600.0,124780.0,78.0
8917,2021-01-24,8849183,217109,3747143.0,7821376.0,30751500.0,786821.0,971.0,810698.0,44116.0,39.0
8945,2021-01-25,8879711,217798,3747143.0,7864969.0,30774397.0,1004859.0,1088.0,796944.0,218038.0,117.0
8973,2021-01-26,8941309,218952,3747143.0,7930380.0,30900248.0,1258914.0,1238.0,791977.0,254055.0,150.0
9001,2021-01-27,9006070,220288,3975589.0,7964176.0,30938972.0,1571594.0,1364.0,821606.0,312680.0,126.0
9029,2021-01-28,9066814,221725,3975589.0,7992906.0,32789216.0,1833299.0,1534.0,852183.0,261705.0,170.0
9057,2021-01-29,9126298,222809,3975589.0,8066603.0,32880655.0,2221823.0,1662.0,836886.0,388524.0,128.0
9085,2021-01-30,9179408,224001,3975589.0,8148671.0,33028536.0,2341547.0,1678.0,806736.0,119724.0,16.0
9113,2021-01-31,9207306,224569,3975589.0,8176373.0,33046556.0,2377136.0,1700.0,806364.0,35589.0,22.0
9141,2021-02-01,9235785,225191,3975589.0,8222431.0,33078118.0,2581406.0,1812.0,788163.0,204270.0,112.0
9169,2021-02-02,9292047,226450,3975589.0,8258074.0,33115124.0,2811140.0,2015.0,807523.0,229734.0,203.0
9197,2021-02-03,9346448,227647,4324731.0,8313044.0,33126511.0,3101818.0,2267.0,805757.0,290678.0,252.0
9225,2021-02-04,9403548,228923,4324731.0,8366197.0,33034153.0,3409546.0,2582.0,808428.0,307728.0,315.0
9253,2021-02-05,9455229,230174,4324731.0,8396148.0,33069949.0,3756691.0,4900.0,828907.0,347145.0,2318.0
9281,2021-02-06,9501538,231111,4324731.0,8429889.0,33095240.0,3885627.0,22668.0,840538.0,128936.0,17768.0
9309,2021-02-07,9527699,231599,4461188.0,8468459.0,33121192.0,3927535.0,28726.0,827641.0,41908.0,6058.0
9337,2021-02-08,9556277,232319,4461188.0,8478818.0,33132899.0,4135700.0,37466.0,845140.0,208165.0,8740.0
9365,2021-02-09,9607482,233633,4538123.0,8577207.0,33355154.0,4387902.0,56396.0,796642.0,252202.0,18930.0
9393,2021-02-10,9668576,234994,4538123.0,8616282.0,33409955.0,4626757.0,93862.0,817300.0,238855.0,37466.0
9421,2021-02-11,9722174,236435,4538123.0,8637050.0,33441753.0,4849125.0,173450.0,848689.0,222368.0,79588.0
9449,2021-02-12,9771107,237655,4538123.0,8719379.0,33601025.0,5170209.0,322027.0,814073.0,321084.0,148577.0
9477,2021-02-13,9815959,238680,4538123.0,8747504.0,33662928.0,5248903.0,351706.0,829775.0,78694.0,29679.0
9505,2021-02-14,9846679,239333,4538123.0,8767967.0,33708882.0,5270146.0,385544.0,839379.0,21243.0,33838.0
9533,2021-02-15,9872480,239943,4548729.0,8832120.0,33741300.0,5461626.0,520355.0,800417.0,191480.0,134811.0
9561,2021-02-16,9937744,241035,4549147.0,8859157.0,33767865.0,5607935.0,646660.0,837552.0,146309.0,126305.0
9589,2021-02-17,9984960,242224,4549147.0,8942046.0,33875901.0,5751662.0,824416.0,800690.0,143727.0,177756.0
9617,2021-02-18,10038426,243662,4549147.0,8979652.0,33909730.0,5897311.0,1008364.0,815112.0,145649.0,183948.0
9645,2021-02-19,10090563,244992,4549147.0,9021456.0,34018639.0,6001187.0,1177543.0,824115.0,103876.0,169179.0
9673,2021-02-20,10142933,246023,4549147.0,9070505.0,34146745.0,6054262.0,1251201.0,826405.0,53075.0,73658.0
9701,2021-02-21,10172416,246629,4549147.0,9095692.0,34175241.0,6090376.0,1288434.0,830095.0,36114.0,37233.0
9729,2021-02-22,10204246,247340,4755382.0,9108205.0,34184282.0,6217962.0,1409292.0,848701.0,127586.0,120858.0
9757,2021-02-23,10267810,248698,4755382.0,9189903.0,34308759.0,6315259.0,1548283.0,829209.0,97297.0,138991.0
9785,2021-02-24,10333187,250144,4755382.0,9214337.0,34326575.0,6390478.0,1706771.0,868706.0,75219.0,158488.0
9813,2021-02-25,10401462,251719,4755382.0,9270500.0,34460303.0,6525126.0,1863288.0,879243.0,134648.0,156517.0
9841,2021-02-26,10464846,253062,4755382.0,9309568.0,34539560.0,6617022.0,1987907.0,902216.0,91896.0,124619.0
9869,2021-02-27,10523259,254314,4755382.0,9372546.0,34704162.0,6740530.0,2016169.0,896399.0,123508.0,28262.0
9897,2021-02-28,10556620,255086,4755382.0,9382316.0,34725552.0,6767836.0,2023405.0,919218.0,27306.0,7236.0
9925,2021-03-01,10596992,255912,4845160.0,9437611.0,34765380.0,7095772.0,2150130.0,903469.0,327936.0,126725.0
9953,2021-03-02,10656676,257633,4845160.0,9506263.0,36714837.0,7410337.0,2303292.0,892780.0,314565.0,153162.0
9981,2021-03-03,10729569,259479,4845160.0,9548315.0,36792787.0,7776078.0,2479739.0,921775.0,365741.0,176447.0
10009,2021-03-04,10805565,261285,4845160.0,9605983.0,36898125.0,8033606.0,2634001.0,938297.0,257528.0,154262.0
10037,2021-03-05,10878058,262998,4845160.0,9656255.0,36976780.0,8281676.0,2795701.0,958805.0,248070.0,161700.0
10065,2021-03-06,10944959,264487,4845160.0,9686024.0,36992037.0,8466297.0,2866480.0,994448.0,184621.0,70779.0
10093,2021-03-07,11026643,265585,5073647.0,9739464.0,37105304.0,8550598.0,2897212.0,1021594.0,84301.0,30732.0
10121,2021-03-08,11063211,266703,5073647.0,9827355.0,37177496.0,8821527.0,3031170.0,969153.0,270929.0,133958.0
10149,2021-03-09,11134496,268652,5073647.0,9878566.0,37258191.0,9060486.0,3172596.0,987278.0,238959.0,141426.0
10177,2021-03-10,11215954,271031,5073647.0,9921994.0,37330968.0,9297385.0,3350041.0,1022929.0,236899.0,177445.0
10205,2021-03-11,11293013,273225,5073647.0,9984822.0,37428587.0,9568211.0,3498694.0,1034966.0,270826.0,148653.0
10233,2021-03-12,11375477,275347,5073647.0,10047968.0,37655071.0,9812190.0,3658167.0,1052162.0,243979.0,159473.0
10261,2021-03-13,11445820,277302,5073647.0,10084820.0,37786476.0,9941566.0,3741856.0,1083698.0,129376.0,83689.0
10289,2021-03-14,11489265,278371,5115676.0,10140570.0,37823393.0,9989213.0,3757029.0,1070324.0,47647.0,15173.0
10317,2021-03-15,11533564,279703,5115676.0,10196596.0,37907905.0,10409072.0,3862885.0,1057265.0,419859.0,105856.0
10345,2021-03-16,11619194,282551,5115676.0,10261154.0,38009513.0,10723506.0,3979834.0,1075489.0,314434.0,116949.0
10373,2021-03-17,11707834,285212,5167353.0,10327440.0,38117808.0,11022213.0,4097003.0,1095182.0,298707.0,117169.0
10401,2021-03-18,11795752,287935,5167353.0,10384673.0,38237629.0,11345737.0,4199813.0,1123144.0,323524.0,102810.0
10429,2021-03-19,11883842,290589,5167353.0,10438487.0,38331495.0,11916399.0,4280477.0,1154766.0,570662.0,80664.0
10457,2021-03-20,11957141,292958,5167353.0,10477084.0,38402854.0,12153768.0,4310096.0,1187099.0,237369.0,29619.0
10485,2021-03-21,12004582,294204,5222718.0,10525118.0,38414595.0,12230244.0,4328788.0,1185260.0,76476.0,18692.0
10513,2021-03-22,12060545,295805,5222718.0,10620775.0,38533309.0,12713229.0,4420680.0,1143965.0,482985.0,91892.0
10541,2021-03-23,12145733,298952,5222718.0,10669490.0,38602870.0,13190572.0,4510309.0,1177291.0,477343.0,89629.0
10569,2021-03-24,12236625,301268,5222718.0,10750131.0,38771509.0,13811174.0,4642599.0,1185226.0,620602.0,132290.0
10597,2021-03-25,12334871,303919,5430111.0,10808499.0,38845418.0,14523255.0,4753183.0,1222453.0,712081.0,110584.0
10625,2021-03-26,12415209,307429,5430111.0,10886792.0,41765747.0,15449212.0,4858016.0,1220988.0,925957.0,104833.0
10653,2021-03-27,12496901,310835,5430111.0,10948382.0,41827329.0,15808639.0,4891621.0,1237684.0,359427.0,33605.0
10681,2021-03-28,12543856,312416,5430111.0,11004281.0,41879940.0,16032102.0,4914947.0,1227159.0,223463.0,23326.0
10709,2021-03-29,12586462,314428,5441421.0,11024911.0,41912110.0,16815642.0,5042161.0,1247123.0,783540.0,127214.0
10737,2021-03-30,12672888,318081,5441421.0,11085369.0,41971077.0,17432139.0,5164690.0,1269438.0,616497.0,122529.0
10765,2021-03-31,12761601,322005,5441421.0,11181371.0,42090429.0,18152566.0,5306324.0,1258225.0,720427.0,141634.0
10793,2021-04-01,12849360,325657,5441421.0,11240213.0,42168722.0,19023992.0,5451987.0,1283490.0,871426.0,145663.0
10821,2021-04-02,12918731,328458,5441421.0,11280022.0,42240982.0,19292331.0,5490834.0,1310251.0,268339.0,38847.0
10849,2021-04-03,12958081,330367,5479755.0,11327510.0,42250568.0,19585002.0,5550049.0,1300204.0,292671.0,59215.0
10877,2021-04-04,12990395,331609,5479755.0,11366672.0,42290951.0,19868128.0,5596114.0,1292114.0,283126.0,46065.0
10905,2021-04-05,13033060,333518,5479755.0,11405558.0,42349570.0,20426450.0,5828591.0,1293984.0,558322.0,232477.0
10933,2021-04-06,13118180,337583,5479755.0,11459548.0,42419408.0,21163565.0,6100016.0,1321049.0,737115.0,271425.0
10961,2021-04-07,13206856,341254,5479755.0,11610627.0,42591815.0,21805470.0,6306137.0,1254975.0,641905.0,206121.0
10989,2021-04-08,13295394,345400,5482171.0,11668734.0,42676465.0,22484502.0,6598439.0,1281260.0,679032.0,292302.0
11017,2021-04-09,13383491,349151,5482171.0,11725248.0,42741642.0,22921482.0,7090280.0,1309092.0,436980.0,491841.0
11045,2021-04-10,13450028,351529,5482171.0,11739649.0,42741642.0,23334052.0,7227772.0,1358850.0,412570.0,137492.0
11073,2021-04-11,13489201,353386,5482171.0,11878958.0,42839236.0,23534620.0,7294873.0,1256857.0,200568.0,67101.0
11101,2021-04-12,13528841,355095,5482171.0,11897429.0,42869592.0,24186588.0,7655107.0,1276317.0,651968.0,360234.0
11129,2021-04-13,13611481,358849,5482171.0,12004591.0,42964671.0,24748488.0,7988748.0,1248041.0,561900.0,333641.0
11157,2021-04-14,13686065,362293,5514677.0,12052283.0,42986801.0,25280429.0,8389340.0,1271489.0,531941.0,400592.0
11185,2021-04-15,13757241,365784,5514677.0,12123308.0,43050813.0,25756818.0,8814874.0,1268149.0,476389.0,425534.0
11213,2021-04-16,13841615,369121,5514677.0,12173458.0,43152651.0,26076390.0,9459241.0,1299036.0,319572.0,644367.0
11241,2021-04-17,13910170,371998,5514677.0,12212890.0,43172148.0,26305021.0,9742322.0,1325282.0,228631.0,283081.0
11269,2021-04-18,13949004,373519,5514677.0,12303538.0,43239204.0,26419160.0,9814936.0,1271947.0,114139.0,72614.0
11297,2021-04-19,13985511,375275,5514677.0,12346828.0,43246224.0,26885797.0,10370337.0,1263408.0,466637.0,555401.0
11325,2021-04-20,14058139,378620,5514677.0,12425791.0,43364614.0,27377674.0,10868518.0,1253728.0,491877.0,498181.0
11353,2021-04-21,14132121,381816,5514677.0,12436210.0,43385777.0,27742769.0,11072933.0,1314095.0,365095.0,204415.0
11381,2021-04-22,14180222,383867,5514677.0,12530970.0,43486715.0,28118736.0,11543333.0,1265385.0,375967.0,470400.0
11409,2021-04-23,14249499,386909,5514677.0,12593957.0,43538104.0,29038640.0,12443776.0,1268633.0,919904.0,900443.0
11437,2021-04-24,14313273,389675,5514677.0,12606011.0,43538104.0,29223769.0,12662457.0,1317587.0,185129.0,218681.0
11465,2021-04-25,14346912,391009,5514677.0,12614559.0,43539837.0,29276343.0,12728879.0,1341344.0,52574.0,66422.0
11493,2021-04-26,14379299,392389,5514677.0,12707500.0,43559085.0,29816426.0,13335822.0,1279410.0,540083.0,606943.0
11521,2021-04-27,14455126,395470,5514677.0,12816963.0,43748615.0,30472317.0,14162647.0,1242693.0,655891.0,826825.0
11549,2021-04-28,14532394,398477,5514677.0,12854947.0,43775323.0,30952357.0,14782827.0,1278970.0,480040.0,620180.0
11577,2021-04-29,14600997,401509,5514677.0,12960529.0,43821152.0,31478088.0,15333064.0,1238959.0,525731.0,550237.0
11605,2021-04-30,14672997,404369,5514677.0,13007565.0,43957543.0,31918680.0,15844406.0,1261063.0,440592.0,511342.0
11633,2021-05-01,14731286,406608,6199251.0,13044347.0,43991474.0,32046805.0,15968798.0,1280331.0,128125.0,124392.0
11661,2021-05-02,14760573,407873,6199251.0,13083550.0,46437617.0,32222879.0,16005216.0,1269150.0,176074.0,36418.0
11689,2021-05-03,14799544,408998,6199251.0,13135143.0,46515675.0,32680022.0,16432900.0,1255403.0,457143.0,427684.0
11717,2021-05-04,14869074,411977,6199251.0,13170561.0,46546245.0,33283393.0,16864957.0,1286536.0,603371.0,432057.0
11745,2021-05-05,14945440,414747,6199251.0,13254660.0,46623449.0,33968856.0,17225254.0,1276033.0,685463.0,360297.0
11773,2021-05-06,15017721,417282,6199251.0,13285589.0,46675867.0,34902080.0,17501317.0,1314850.0,933224.0,276063.0
11801,2021-05-07,15094551,419466,6199251.0,13400075.0,46822608.0,35596026.0,17776236.0,1275010.0,693946.0,274919.0
11829,2021-05-08,15156300,421546,6199251.0,13422047.0,46834128.0,35814357.0,17850198.0,1312707.0,218331.0,73962.0
11857,2021-05-09,15189020,422468,6199251.0,13457400.0,46886139.0,35870764.0,17876103.0,1309152.0,56407.0,25905.0
11885,2021-05-10,15225307,423579,6199251.0,13481062.0,46901500.0,36485491.0,18218972.0,1320666.0,614727.0,342869.0
11913,2021-05-11,15295389,425823,6199251.0,13592463.0,46933781.0,37071677.0,18519017.0,1277103.0,586186.0,300045.0
11941,2021-05-12,15371626,428404,6199251.0,13627986.0,46981303.0,37816946.0,18795392.0,1315236.0,745269.0,276375.0
11969,2021-05-13,15451644,430681,6199251.0,13662690.0,47012314.0,38349928.0,18930172.0,1358273.0,532982.0,134780.0
11997,2021-05-14,15529554,432868,6199251.0,13703280.0,47041452.0,38952701.0,19109798.0,1393406.0,602773.0,179626.0
12025,2021-05-15,15596902,434869,6395973.0,13764520.0,47073060.0,39191828.0,19212287.0,1397513.0,239127.0,102489.0
12053,2021-05-16,15634461,435929,6395973.0,13765469.0,47073060.0,39369758.0,19296987.0,1433063.0,177930.0,84700.0
12081,2021-05-17,15670045,437013,6395973.0,13862615.0,47116589.0,39961191.0,19563009.0,1370417.0,591433.0,266022.0
12109,2021-05-18,15744844,439464,6395973.0,13957814.0,48852865.0,40557385.0,19832862.0,1347566.0,596194.0,269853.0
12137,2021-05-19,15825101,441963,6395973.0,14045321.0,48940425.0,41125491.0,20040133.0,1337817.0,568106.0,207271.0
12165,2021-05-20,15908479,444473,6395973.0,14084873.0,48986473.0,41812653.0,20324286.0,1379133.0,687162.0,284153.0
12193,2021-05-21,15985100,446599,6395973.0,14103800.0,49013934.0,42390055.0,20585863.0,1434701.0,577402.0,261577.0
12221,2021-05-22,16052993,448325,6395973.0,14132443.0,49046902.0,42609906.0,20705991.0,1472225.0,219851.0,120128.0
12249,2021-05-23,16091483,449214,6395973.0,14132443.0,49046902.0,43196516.0,20930183.0,1509826.0,586610.0,224192.0
12277,2021-05-24,16128949,450075,6395973.0,14190644.0,49072172.0,43721132.0,21224014.0,1488230.0,524616.0,293831.0
12305,2021-05-25,16202975,452258,6395973.0,14231991.0,49076549.0,44232454.0,21519177.0,1518726.0,511322.0,295163.0
12333,2021-05-26,16283206,454721,6395973.0,14310683.0,49081279.0,44744459.0,21750092.0,1517802.0,512005.0,230915.0
12361,2021-05-27,16347726,456822,6395973.0,14455810.0,49353004.0,45228177.0,21959719.0,1435094.0,483718.0,209627.0
12389,2021-05-28,16401601,459247,6395973.0,14492701.0,49384362.0,46007036.0,22203681.0,1449653.0,778859.0,243962.0
12417,2021-05-29,16477462,461186,6395973.0,14540507.0,49403998.0,46306587.0,22278959.0,1475769.0,299551.0,75278.0
12445,2021-05-30,16518909,462099,6395973.0,14544785.0,49410095.0,46385885.0,22309800.0,1512025.0,79298.0,30841.0
12473,2021-05-31,16555508,463064,6655234.0,14586009.0,49495703.0,47021991.0,22451301.0,1506435.0,636106.0,141501.0
12501,2021-06-01,16634412,465396,6655234.0,14722192.0,49569793.0,47627660.0,22661443.0,1446824.0,605669.0,210142.0
12529,2021-06-02,16730682,467903,6655234.0,14765156.0,49631233.0,48582786.0,22947743.0,1497623.0,955126.0,286300.0
12557,2021-06-03,16806743,469816,6655234.0,14818184.0,49765330.0,49046839.0,23031492.0,1518743.0,464053.0,83749.0
12585,2021-06-04,16849911,471007,6655234.0,14874923.0,49857892.0,49684272.0,23095495.0,1503981.0,637433.0,64003.0
12613,2021-06-05,16911571,472677,6655234.0,14944069.0,49878944.0,50191277.0,23179676.0,1494825.0,507005.0,84181.0
12641,2021-06-06,16951914,473557,6655234.0,15002817.0,49939952.0,50384506.0,23209508.0,1475540.0,193229.0,29832.0
12669,2021-06-07,16991615,474706,6655234.0,15022649.0,50029606.0,51087585.0,23311429.0,1494260.0,703079.0,101921.0
12697,2021-06-08,17047318,477353,6655234.0,15059712.0,50073330.0,52205050.0,23487857.0,1510253.0,1117465.0,176428.0
12725,2021-06-09,17132164,479742,6655234.0,15154101.0,50127012.0,53277689.0,23615375.0,1498321.0,1072639.0,127518.0
12753,2021-06-10,17223395,482243,6655234.0,15211176.0,50191122.0,54305523.0,23727765.0,1529976.0,1027834.0,112390.0
12781,2021-06-11,17309701,484419,6655234.0,15260459.0,50245852.0,55458519.0,23846061.0,1564823.0,1152996.0,118296.0
12809,2021-06-12,17383461,486393,6655234.0,15300271.0,50485241.0,56082538.0,23884111.0,1596797.0,624019.0,38050.0
12837,2021-06-13,17420443,487512,6655234.0,15401424.0,50801841.0,56403706.0,23906617.0,1531507.0,321168.0,22506.0
12865,2021-06-14,17463128,488531,6655234.0,15469067.0,50835875.0,57471235.0,23975227.0,1505530.0,1067529.0,68610.0
12893,2021-06-15,17550247,491214,6655234.0,15519955.0,50893819.0,58758537.0,24081010.0,1539078.0,1287302.0,105783.0
12921,2021-06-16,17636766,493914,6655234.0,15587562.0,50951461.0,60060884.0,24162038.0,1555290.0,1302347.0,81028.0
12949,2021-06-17,17713231,496228,6929736.0,15660614.0,52726489.0,62217932.0,24300880.0,1556389.0,2157048.0,138842.0
