epidemiological_week,date,order_for_place,state,city,city_ibge_code,place_type,last_available_confirmed,last_available_confirmed_per_100k_inhabitants,new_confirmed,last_available_deaths,new_deaths,last_available_death_rate,estimated_population,is_last,is_repeated
202013,2020-03-27,1,PB,Campina Grande,2504009,city,1,0.24283,1,0,0,0.0,411807,False,False
202013,2020-03-28,2,PB,Campina Grande,2504009,city,2,0.48566,1,0,0,0.0,411807,False,False
202014,2020-03-29,3,PB,Campina Grande,2504009,city,2,0.48566,0,0,0,0.0,411807,False,False
202014,2020-03-30,4,PB,Campina Grande,2504009,city,2,0.48566,0,0,0,0.0,411807,False,False
202014,2020-03-31,5,PB,Campina Grande,2504009,city,2,0.48566,0,0,0,0.0,411807,False,False
202014,2020-04-01,6,PB,Campina Grande,2504009,city,2,0.48566,0,0,0,0.0,411807,False,False
202014,2020-04-02,7,PB,Campina Grande,2504009,city,2,0.48566,0,0,0,0.0,411807,False,False
202014,2020-04-03,8,PB,Campina Grande,2504009,city,2,0.48566,0,0,0,0.0,411807,False,False
202014,2020-04-04,9,PB,Campina Grande,2504009,city,2,0.48566,0,0,0,0.0,411807,False,False
202015,2020-04-05,10,PB,Campina Grande,2504009,city,3,0.7285,1,0,0,0.0,411807,False,False
202015,2020-04-06,11,PB,Campina Grande,2504009,city,3,0.7285,0,0,0,0.0,411807,False,False
202015,2020-04-07,12,PB,Campina Grande,2504009,city,3,0.7285,0,0,0,0.0,411807,False,False
202015,2020-04-08,13,PB,Campina Grande,2504009,city,3,0.7285,0,0,0,0.0,411807,False,False
202015,2020-04-09,14,PB,Campina Grande,2504009,city,3,0.7285,0,0,0,0.0,411807,False,False
202015,2020-04-10,15,PB,Campina Grande,2504009,city,3,0.7285,0,0,0,0.0,411807,False,False
202015,2020-04-11,16,PB,Campina Grande,2504009,city,3,0.7285,0,0,0,0.0,411807,False,False
202016,2020-04-12,17,PB,Campina Grande,2504009,city,3,0.7285,0,0,0,0.0,411807,False,False
202016,2020-04-13,18,PB,Campina Grande,2504009,city,3,0.7285,0,0,0,0.0,411807,False,False
202016,2020-04-14,19,PB,Campina Grande,2504009,city,3,0.7285,0,0,0,0.0,411807,False,False
202016,2020-04-15,20,PB,Campina Grande,2504009,city,4,0.97133,1,0,0,0.0,411807,False,False
202016,2020-04-16,21,PB,Campina Grande,2504009,city,8,1.94266,4,1,1,0.125,411807,False,False
202016,2020-04-17,22,PB,Campina Grande,2504009,city,8,1.94266,0,1,0,0.125,411807,False,False
202016,2020-04-18,23,PB,Campina Grande,2504009,city,12,2.91399,4,1,0,0.0833,411807,False,False
202017,2020-04-19,24,PB,Campina Grande,2504009,city,12,2.91399,0,2,1,0.1667,411807,False,False
202017,2020-04-20,25,PB,Campina Grande,2504009,city,12,2.91399,0,2,0,0.1667,411807,False,False
202017,2020-04-21,26,PB,Campina Grande,2504009,city,20,4.85664,8,2,0,0.1,411807,False,False
202017,2020-04-22,27,PB,Campina Grande,2504009,city,24,5.82797,4,2,0,0.0833,411807,False,False
202017,2020-04-23,28,PB,Campina Grande,2504009,city,30,7.28497,6,2,0,0.0667,411807,False,False
202017,2020-04-24,29,PB,Campina Grande,2504009,city,35,8.49913,5,2,0,0.0571,411807,False,False
202017,2020-04-25,30,PB,Campina Grande,2504009,city,39,9.47046,4,2,0,0.0513,411807,False,False
202018,2020-04-26,31,PB,Campina Grande,2504009,city,39,9.47046,0,2,0,0.0513,411807,False,False
202018,2020-04-27,32,PB,Campina Grande,2504009,city,42,10.19895,3,2,0,0.0476,411807,False,False
202018,2020-04-28,33,PB,Campina Grande,2504009,city,45,10.92745,3,2,0,0.0444,411807,False,False
202018,2020-04-29,34,PB,Campina Grande,2504009,city,51,12.38444,6,2,0,0.0392,411807,False,False
202018,2020-04-30,35,PB,Campina Grande,2504009,city,51,12.38444,0,2,0,0.0392,411807,False,False
202018,2020-05-01,36,PB,Campina Grande,2504009,city,53,12.87011,2,2,0,0.0377,411807,False,False
202018,2020-05-02,37,PB,Campina Grande,2504009,city,61,14.81276,8,2,0,0.0328,411807,False,False
202019,2020-05-03,38,PB,Campina Grande,2504009,city,62,15.0556,1,2,0,0.0323,411807,False,False
202019,2020-05-04,39,PB,Campina Grande,2504009,city,67,16.26976,5,2,0,0.0299,411807,False,False
202019,2020-05-05,40,PB,Campina Grande,2504009,city,74,17.96958,7,2,0,0.027,411807,False,False
202019,2020-05-06,41,PB,Campina Grande,2504009,city,78,18.94091,4,2,0,0.0256,411807,False,False
202019,2020-05-07,42,PB,Campina Grande,2504009,city,89,21.61207,11,2,0,0.0225,411807,False,False
202019,2020-05-08,43,PB,Campina Grande,2504009,city,89,21.61207,0,2,0,0.0225,411807,False,False
202019,2020-05-09,44,PB,Campina Grande,2504009,city,100,24.28322,11,3,1,0.03,411807,False,False
202020,2020-05-10,45,PB,Campina Grande,2504009,city,108,26.22588,8,3,0,0.0278,411807,False,False
202020,2020-05-11,46,PB,Campina Grande,2504009,city,125,30.35403,17,3,0,0.024,411807,False,False
202020,2020-05-12,47,PB,Campina Grande,2504009,city,134,32.53951,9,4,1,0.0299,411807,False,False
202020,2020-05-13,48,PB,Campina Grande,2504009,city,155,37.63899,21,4,0,0.0258,411807,False,False
202020,2020-05-14,49,PB,Campina Grande,2504009,city,160,38.85315,5,4,0,0.025,411807,False,False
202020,2020-05-15,50,PB,Campina Grande,2504009,city,261,63.3792,101,4,0,0.0153,411807,False,False
202020,2020-05-16,51,PB,Campina Grande,2504009,city,280,67.99302,19,5,1,0.0179,411807,False,False
202021,2020-05-17,52,PB,Campina Grande,2504009,city,290,70.42134,10,5,0,0.0172,411807,False,False
202021,2020-05-18,53,PB,Campina Grande,2504009,city,299,72.60683,9,7,2,0.0234,411807,False,False
202021,2020-05-19,54,PB,Campina Grande,2504009,city,326,79.1633,27,7,0,0.0215,411807,False,False
202021,2020-05-20,55,PB,Campina Grande,2504009,city,335,81.34879,9,7,0,0.0209,411807,False,False
202021,2020-05-21,56,PB,Campina Grande,2504009,city,421,102.23236,86,9,2,0.0214,411807,False,False
202021,2020-05-22,57,PB,Campina Grande,2504009,city,590,143.271,169,10,1,0.0169,411807,False,False
202021,2020-05-23,58,PB,Campina Grande,2504009,city,713,173.13936,123,10,0,0.014,411807,False,False
202022,2020-05-24,59,PB,Campina Grande,2504009,city,817,198.39391,104,10,0,0.0122,411807,False,False
202022,2020-05-25,60,PB,Campina Grande,2504009,city,870,211.26401,53,11,1,0.0126,411807,False,False
202022,2020-05-26,61,PB,Campina Grande,2504009,city,936,227.29094,66,11,0,0.0118,411807,False,False
202022,2020-05-27,62,PB,Campina Grande,2504009,city,1025,248.90301,89,11,0,0.0107,411807,False,False
202022,2020-05-28,63,PB,Campina Grande,2504009,city,1180,286.542,155,15,4,0.0127,411807,False,False
202022,2020-05-29,64,PB,Campina Grande,2504009,city,1288,312.76787,108,15,0,0.0116,411807,False,False
202022,2020-05-30,65,PB,Campina Grande,2504009,city,1483,360.12015,195,15,0,0.0101,411807,False,False
202023,2020-05-31,66,PB,Campina Grande,2504009,city,1519,368.86211,36,20,5,0.0132,411807,False,False
202023,2020-06-01,67,PB,Campina Grande,2504009,city,1578,383.18921,59,24,4,0.0152,411807,False,False
202023,2020-06-02,68,PB,Campina Grande,2504009,city,1679,407.71526,101,24,0,0.0143,411807,False,False
202023,2020-06-03,69,PB,Campina Grande,2504009,city,1809,439.28345,130,28,4,0.0155,411807,False,False
202023,2020-06-04,70,PB,Campina Grande,2504009,city,2006,487.12139,197,40,12,0.0199,411807,False,False
202023,2020-06-05,71,PB,Campina Grande,2504009,city,2171,527.18871,165,40,0,0.0184,411807,False,False
202023,2020-06-06,72,PB,Campina Grande,2504009,city,2322,563.85637,151,41,1,0.0177,411807,False,False
202024,2020-06-07,73,PB,Campina Grande,2504009,city,2473,600.52403,151,44,3,0.0178,411807,False,False
202024,2020-06-08,74,PB,Campina Grande,2504009,city,2650,643.50533,177,44,0,0.0166,411807,False,False
202024,2020-06-09,75,PB,Campina Grande,2504009,city,2967,720.48314,317,45,1,0.0152,411807,False,False
202024,2020-06-10,76,PB,Campina Grande,2504009,city,3221,782.16252,254,47,2,0.0146,411807,False,False
202024,2020-06-11,77,PB,Campina Grande,2504009,city,3504,850.88403,283,47,0,0.0134,411807,False,False
202024,2020-06-12,78,PB,Campina Grande,2504009,city,3920,951.90223,416,50,3,0.0128,411807,False,False
202024,2020-06-13,79,PB,Campina Grande,2504009,city,4089,992.94087,169,53,3,0.013,411807,False,False
202025,2020-06-14,80,PB,Campina Grande,2504009,city,4166,1011.63895,77,54,1,0.013,411807,False,False
202025,2020-06-15,81,PB,Campina Grande,2504009,city,4297,1043.44997,131,56,2,0.013,411807,False,False
202025,2020-06-16,82,PB,Campina Grande,2504009,city,4512,1095.65889,215,61,5,0.0135,411807,False,False
202025,2020-06-17,83,PB,Campina Grande,2504009,city,4783,1161.46642,271,62,1,0.013,411807,False,False
202025,2020-06-18,84,PB,Campina Grande,2504009,city,4972,1207.3617,189,63,1,0.0127,411807,False,False
202025,2020-06-19,85,PB,Campina Grande,2504009,city,5254,1275.84038,282,64,1,0.0122,411807,False,False
202025,2020-06-20,86,PB,Campina Grande,2504009,city,5501,1335.81994,247,67,3,0.0122,411807,False,False
202026,2020-06-21,87,PB,Campina Grande,2504009,city,5557,1349.41854,56,70,3,0.0126,411807,False,False
202026,2020-06-22,88,PB,Campina Grande,2504009,city,5557,1349.41854,0,76,6,0.0137,411807,False,False
202026,2020-06-23,89,PB,Campina Grande,2504009,city,5557,1349.41854,0,82,6,0.0148,411807,False,False
202026,2020-06-24,90,PB,Campina Grande,2504009,city,5815,1412.06925,258,85,3,0.0146,411807,False,False
202026,2020-06-25,91,PB,Campina Grande,2504009,city,6025,1463.06401,210,87,2,0.0144,411807,False,False
202026,2020-06-26,92,PB,Campina Grande,2504009,city,6261,1520.37241,236,87,0,0.0139,411807,False,False
202026,2020-06-27,93,PB,Campina Grande,2504009,city,6389,1551.45493,128,94,7,0.0147,411807,False,False
202027,2020-06-28,94,PB,Campina Grande,2504009,city,6440,1563.83937,51,98,4,0.0152,411807,False,False
202027,2020-06-29,95,PB,Campina Grande,2504009,city,6505,1579.62346,65,103,5,0.0158,411807,False,False
202027,2020-06-30,96,PB,Campina Grande,2504009,city,6625,1608.76333,120,115,12,0.0174,411807,False,False
202027,2020-07-01,97,PB,Campina Grande,2504009,city,6670,1619.69078,45,115,0,0.0172,411807,False,False
202027,2020-07-02,98,PB,Campina Grande,2504009,city,6688,1624.06176,18,117,2,0.0175,411807,False,False
202027,2020-07-03,99,PB,Campina Grande,2504009,city,6900,1675.54218,212,124,7,0.018,411807,False,False
202027,2020-07-04,100,PB,Campina Grande,2504009,city,7067,1716.09516,167,128,4,0.0181,411807,False,False
202028,2020-07-05,101,PB,Campina Grande,2504009,city,7126,1730.42226,59,135,7,0.0189,411807,False,False
202028,2020-07-06,102,PB,Campina Grande,2504009,city,7126,1730.42226,0,135,0,0.0189,411807,False,True
202028,2020-07-07,103,PB,Campina Grande,2504009,city,7416,1800.8436,290,141,6,0.019,411807,False,False
202028,2020-07-08,104,PB,Campina Grande,2504009,city,7620,1850.38137,204,147,6,0.0193,411807,False,False
202028,2020-07-09,105,PB,Campina Grande,2504009,city,7775,1888.02036,155,149,2,0.0192,411807,False,False
202028,2020-07-10,106,PB,Campina Grande,2504009,city,7969,1935.12981,194,151,2,0.0189,411807,False,False
202028,2020-07-11,107,PB,Campina Grande,2504009,city,8136,1975.68278,167,151,0,0.0186,411807,False,False
202029,2020-07-12,108,PB,Campina Grande,2504009,city,8193,1989.52422,57,161,10,0.0197,411807,False,False
202029,2020-07-13,109,PB,Campina Grande,2504009,city,8200,1991.22404,7,164,3,0.02,411807,False,False
202029,2020-07-14,110,PB,Campina Grande,2504009,city,8356,2029.10587,156,174,10,0.0208,411807,False,False
202029,2020-07-15,111,PB,Campina Grande,2504009,city,8511,2066.74486,155,184,10,0.0216,411807,False,False
202029,2020-07-16,112,PB,Campina Grande,2504009,city,8674,2106.32651,163,193,9,0.0223,411807,False,False
202029,2020-07-17,113,PB,Campina Grande,2504009,city,8835,2145.42249,161,199,6,0.0225,411807,False,False
202029,2020-07-18,114,PB,Campina Grande,2504009,city,9050,2197.63141,215,201,2,0.0222,411807,False,False
202030,2020-07-19,115,PB,Campina Grande,2504009,city,9128,2216.57233,78,201,0,0.022,411807,False,False
202030,2020-07-20,116,PB,Campina Grande,2504009,city,9157,2223.61446,29,203,2,0.0222,411807,False,False
202030,2020-07-21,117,PB,Campina Grande,2504009,city,9196,2233.08492,39,205,2,0.0223,411807,False,False
202030,2020-07-22,118,PB,Campina Grande,2504009,city,9346,2269.50975,150,206,1,0.022,411807,False,False
202030,2020-07-23,119,PB,Campina Grande,2504009,city,9767,2371.7421,421,217,11,0.0222,411807,False,False
202030,2020-07-24,120,PB,Campina Grande,2504009,city,9848,2391.41151,81,219,2,0.0222,411807,False,False
202030,2020-07-25,121,PB,Campina Grande,2504009,city,10008,2430.26466,160,219,0,0.0219,411807,False,False
202031,2020-07-26,122,PB,Campina Grande,2504009,city,10052,2440.94928,44,220,1,0.0219,411807,False,False
202031,2020-07-27,123,PB,Campina Grande,2504009,city,10104,2453.57655,52,223,3,0.0221,411807,False,False
202031,2020-07-28,124,PB,Campina Grande,2504009,city,10197,2476.15995,93,224,1,0.022,411807,False,False
202031,2020-07-29,125,PB,Campina Grande,2504009,city,10401,2525.69772,204,224,0,0.0215,411807,False,False
202031,2020-07-30,126,PB,Campina Grande,2504009,city,10532,2557.50874,131,226,2,0.0215,411807,False,False
202031,2020-07-31,127,PB,Campina Grande,2504009,city,10645,2584.94877,113,226,0,0.0212,411807,False,False
202031,2020-08-01,128,PB,Campina Grande,2504009,city,10723,2603.88969,78,229,3,0.0214,411807,False,False
202032,2020-08-02,129,PB,Campina Grande,2504009,city,10747,2609.71766,24,230,1,0.0214,411807,False,False
202032,2020-08-03,130,PB,Campina Grande,2504009,city,10753,2611.17465,6,230,0,0.0214,411807,False,False
202032,2020-08-04,131,PB,Campina Grande,2504009,city,10948,2658.52693,195,231,1,0.0211,411807,False,False
202032,2020-08-05,132,PB,Campina Grande,2504009,city,10982,2666.78323,34,237,6,0.0216,411807,False,False
202032,2020-08-06,133,PB,Campina Grande,2504009,city,11059,2685.48131,77,238,1,0.0215,411807,False,False
202032,2020-08-07,134,PB,Campina Grande,2504009,city,11152,2708.0647,93,243,5,0.0218,411807,False,False
202032,2020-08-08,135,PB,Campina Grande,2504009,city,11207,2721.42047,55,244,1,0.0218,411807,False,False
202033,2020-08-09,136,PB,Campina Grande,2504009,city,11212,2722.63463,5,244,0,0.0218,411807,False,False
202033,2020-08-10,137,PB,Campina Grande,2504009,city,11222,2725.06295,10,244,0,0.0217,411807,False,False
202033,2020-08-11,138,PB,Campina Grande,2504009,city,11379,2763.18761,157,249,5,0.0219,411807,False,False
202033,2020-08-12,139,PB,Campina Grande,2504009,city,11490,2790.14198,111,250,1,0.0218,411807,False,False
202033,2020-08-13,140,PB,Campina Grande,2504009,city,11567,2808.84006,77,251,1,0.0217,411807,False,False
202033,2020-08-14,141,PB,Campina Grande,2504009,city,11640,2826.56681,73,253,2,0.0217,411807,False,False
202033,2020-08-15,142,PB,Campina Grande,2504009,city,11736,2849.87871,96,264,11,0.0225,411807,False,False
202034,2020-08-16,143,PB,Campina Grande,2504009,city,11759,2855.46385,23,272,8,0.0231,411807,False,False
202034,2020-08-17,144,PB,Campina Grande,2504009,city,11776,2859.59199,17,274,2,0.0233,411807,False,False
202034,2020-08-18,145,PB,Campina Grande,2504009,city,11901,2889.94602,125,277,3,0.0233,411807,False,False
202034,2020-08-19,146,PB,Campina Grande,2504009,city,11965,2905.48728,64,280,3,0.0234,411807,False,False
202034,2020-08-20,147,PB,Campina Grande,2504009,city,12036,2922.72837,71,284,4,0.0236,411807,False,False
202034,2020-08-21,148,PB,Campina Grande,2504009,city,12069,2930.74183,33,288,4,0.0239,411807,False,False
202034,2020-08-22,149,PB,Campina Grande,2504009,city,12126,2944.58326,57,291,3,0.024,411807,False,False
202035,2020-08-23,150,PB,Campina Grande,2504009,city,12147,2949.68274,21,295,4,0.0243,411807,False,False
202035,2020-08-24,151,PB,Campina Grande,2504009,city,12152,2950.8969,5,295,0,0.0243,411807,False,False
202035,2020-08-25,152,PB,Campina Grande,2504009,city,12178,2957.21054,26,297,2,0.0244,411807,False,False
202035,2020-08-26,153,PB,Campina Grande,2504009,city,12191,2960.36736,13,299,2,0.0245,411807,False,False
202035,2020-08-27,154,PB,Campina Grande,2504009,city,12218,2966.92383,27,299,0,0.0245,411807,False,False
202035,2020-08-28,155,PB,Campina Grande,2504009,city,12231,2970.08064,13,299,0,0.0244,411807,False,False
202035,2020-08-29,156,PB,Campina Grande,2504009,city,12287,2983.67925,56,300,1,0.0244,411807,False,False
202036,2020-08-30,157,PB,Campina Grande,2504009,city,12297,2986.10757,10,304,4,0.0247,411807,False,False
202036,2020-08-31,158,PB,Campina Grande,2504009,city,12303,2987.56456,6,305,1,0.0248,411807,False,False
202036,2020-09-01,159,PB,Campina Grande,2504009,city,12358,3000.92033,55,311,6,0.0252,411807,False,False
202036,2020-09-02,160,PB,Campina Grande,2504009,city,12376,3005.29131,18,321,10,0.0259,411807,False,False
202036,2020-09-03,161,PB,Campina Grande,2504009,city,12403,3011.84778,27,325,4,0.0262,411807,False,False
202036,2020-09-04,162,PB,Campina Grande,2504009,city,12412,3014.03327,9,326,1,0.0263,411807,False,False
202036,2020-09-05,163,PB,Campina Grande,2504009,city,12456,3024.71789,44,329,3,0.0264,411807,False,False
202037,2020-09-06,164,PB,Campina Grande,2504009,city,12460,3025.68922,4,333,4,0.0267,411807,False,False
202037,2020-09-07,165,PB,Campina Grande,2504009,city,12463,3026.41772,3,334,1,0.0268,411807,False,False
202037,2020-09-08,166,PB,Campina Grande,2504009,city,12465,3026.90338,2,336,2,0.027,411807,False,False
202037,2020-09-09,167,PB,Campina Grande,2504009,city,12490,3032.97418,25,343,7,0.0275,411807,False,False
202037,2020-09-10,168,PB,Campina Grande,2504009,city,12546,3046.57279,56,348,5,0.0277,411807,False,False
202037,2020-09-11,169,PB,Campina Grande,2504009,city,12546,3046.57279,0,348,0,0.0277,411807,False,False
202037,2020-09-12,170,PB,Campina Grande,2504009,city,12577,3054.10059,31,351,3,0.0279,411807,False,False
202038,2020-09-13,171,PB,Campina Grande,2504009,city,12580,3054.82908,3,354,3,0.0281,411807,False,False
202038,2020-09-14,172,PB,Campina Grande,2504009,city,12585,3056.04324,5,356,2,0.0283,411807,False,False
202038,2020-09-15,173,PB,Campina Grande,2504009,city,12617,3063.81387,32,357,1,0.0283,411807,False,False
202038,2020-09-16,174,PB,Campina Grande,2504009,city,12646,3070.85601,29,359,2,0.0284,411807,False,False
202038,2020-09-17,175,PB,Campina Grande,2504009,city,12710,3086.39727,64,362,3,0.0285,411807,False,False
202038,2020-09-18,176,PB,Campina Grande,2504009,city,12746,3095.13923,36,362,0,0.0284,411807,False,False
202038,2020-09-19,177,PB,Campina Grande,2504009,city,12788,3105.33818,42,365,3,0.0285,411807,False,False
202039,2020-09-20,178,PB,Campina Grande,2504009,city,12802,3108.73783,14,365,0,0.0285,411807,False,False
202039,2020-09-21,179,PB,Campina Grande,2504009,city,12808,3110.19482,6,366,1,0.0286,411807,False,False
202039,2020-09-22,180,PB,Campina Grande,2504009,city,12844,3118.93678,36,367,1,0.0286,411807,False,False
202039,2020-09-23,181,PB,Campina Grande,2504009,city,12899,3132.29255,55,367,0,0.0285,411807,False,False
202039,2020-09-24,182,PB,Campina Grande,2504009,city,12930,3139.82035,31,372,5,0.0288,411807,False,False
202039,2020-09-25,183,PB,Campina Grande,2504009,city,13007,3158.51843,77,373,1,0.0287,411807,False,False
202039,2020-09-26,184,PB,Campina Grande,2504009,city,13036,3165.56057,29,375,2,0.0288,411807,False,False
202040,2020-09-27,185,PB,Campina Grande,2504009,city,13043,3167.26039,7,375,0,0.0288,411807,False,False
202040,2020-09-28,186,PB,Campina Grande,2504009,city,13054,3169.93155,11,376,1,0.0288,411807,False,False
202040,2020-09-29,187,PB,Campina Grande,2504009,city,13098,3180.61616,44,378,2,0.0289,411807,False,False
202040,2020-09-30,188,PB,Campina Grande,2504009,city,13153,3193.97193,55,378,0,0.0287,411807,False,False
202040,2020-10-01,189,PB,Campina Grande,2504009,city,13176,3199.55707,23,379,1,0.0288,411807,False,False
202040,2020-10-02,190,PB,Campina Grande,2504009,city,13196,3204.41372,20,380,1,0.0288,411807,False,False
202040,2020-10-03,191,PB,Campina Grande,2504009,city,13241,3215.34117,45,380,0,0.0287,411807,False,False
202041,2020-10-04,192,PB,Campina Grande,2504009,city,13245,3216.3125,4,384,4,0.029,411807,False,False
202041,2020-10-05,193,PB,Campina Grande,2504009,city,13244,3216.06966,-1,385,1,0.0291,411807,False,False
202041,2020-10-06,194,PB,Campina Grande,2504009,city,13282,3225.29729,38,386,1,0.0291,411807,False,False
202041,2020-10-07,195,PB,Campina Grande,2504009,city,13323,3235.25341,41,389,3,0.0292,411807,False,False
202041,2020-10-08,196,PB,Campina Grande,2504009,city,13354,3242.78121,31,389,0,0.0291,411807,False,False
202041,2020-10-09,197,PB,Campina Grande,2504009,city,13404,3254.92282,50,393,4,0.0293,411807,False,False
202041,2020-10-10,198,PB,Campina Grande,2504009,city,13447,3265.3646,43,394,1,0.0293,411807,False,False
202042,2020-10-11,199,PB,Campina Grande,2504009,city,13464,3269.49275,17,395,1,0.0293,411807,False,False
202042,2020-10-12,200,PB,Campina Grande,2504009,city,13467,3270.22124,3,395,0,0.0293,411807,False,False
202042,2020-10-13,201,PB,Campina Grande,2504009,city,13486,3274.83506,19,397,2,0.0294,411807,False,False
202042,2020-10-14,202,PB,Campina Grande,2504009,city,13511,3280.90586,25,397,0,0.0294,411807,False,False
202042,2020-10-15,203,PB,Campina Grande,2504009,city,13538,3287.46233,27,397,0,0.0293,411807,False,False
202042,2020-10-16,204,PB,Campina Grande,2504009,city,13562,3293.2903,24,397,0,0.0293,411807,False,False
202042,2020-10-17,205,PB,Campina Grande,2504009,city,13562,3293.2903,0,397,0,0.0293,411807,False,True
202043,2020-10-18,206,PB,Campina Grande,2504009,city,13580,3297.66128,18,398,1,0.0293,411807,False,False
202043,2020-10-19,207,PB,Campina Grande,2504009,city,13592,3300.57527,12,398,0,0.0293,411807,False,False
202043,2020-10-20,208,PB,Campina Grande,2504009,city,13635,3311.01705,43,398,0,0.0292,411807,False,False
202043,2020-10-21,209,PB,Campina Grande,2504009,city,13651,3314.90237,16,398,0,0.0292,411807,False,False
202043,2020-10-22,210,PB,Campina Grande,2504009,city,13662,3317.57352,11,399,1,0.0292,411807,False,False
202043,2020-10-23,211,PB,Campina Grande,2504009,city,13662,3317.57352,0,399,0,0.0292,411807,False,False
202043,2020-10-24,212,PB,Campina Grande,2504009,city,13662,3317.57352,0,399,0,0.0292,411807,False,False
202044,2020-10-25,213,PB,Campina Grande,2504009,city,13663,3317.81636,1,400,1,0.0293,411807,False,False
202044,2020-10-26,214,PB,Campina Grande,2504009,city,13719,3331.41496,56,401,1,0.0292,411807,False,False
202044,2020-10-27,215,PB,Campina Grande,2504009,city,13719,3331.41496,0,401,0,0.0292,411807,False,True
202044,2020-10-28,216,PB,Campina Grande,2504009,city,13752,3339.42842,33,403,2,0.0293,411807,False,False
202044,2020-10-29,217,PB,Campina Grande,2504009,city,13763,3342.09958,11,403,0,0.0293,411807,False,False
202044,2020-10-30,218,PB,Campina Grande,2504009,city,13766,3342.82807,3,403,0,0.0293,411807,False,False
202044,2020-10-31,219,PB,Campina Grande,2504009,city,13777,3345.49923,11,404,1,0.0293,411807,False,False
202045,2020-11-01,220,PB,Campina Grande,2504009,city,13779,3345.98489,2,404,0,0.0293,411807,False,False
202045,2020-11-02,221,PB,Campina Grande,2504009,city,13779,3345.98489,0,404,0,0.0293,411807,False,True
202045,2020-11-03,222,PB,Campina Grande,2504009,city,13788,3348.17038,9,406,2,0.0294,411807,False,False
202045,2020-11-04,223,PB,Campina Grande,2504009,city,13802,3351.57003,14,407,1,0.0295,411807,False,False
202045,2020-11-05,224,PB,Campina Grande,2504009,city,13802,3351.57003,0,407,0,0.0295,411807,False,True
202045,2020-11-06,225,PB,Campina Grande,2504009,city,13853,3363.95447,51,408,1,0.0295,411807,False,False
202045,2020-11-07,226,PB,Campina Grande,2504009,city,13865,3366.86846,12,408,0,0.0294,411807,False,False
202046,2020-11-08,227,PB,Campina Grande,2504009,city,13870,3368.08262,5,408,0,0.0294,411807,False,False
202046,2020-11-09,228,PB,Campina Grande,2504009,city,13874,3369.05395,4,408,0,0.0294,411807,False,False
202046,2020-11-10,229,PB,Campina Grande,2504009,city,13879,3370.26811,5,409,1,0.0295,411807,False,False
202046,2020-11-11,230,PB,Campina Grande,2504009,city,13919,3379.9814,40,411,2,0.0295,411807,False,False
202046,2020-11-12,231,PB,Campina Grande,2504009,city,13919,3379.9814,0,411,0,0.0295,411807,False,True
202046,2020-11-13,232,PB,Campina Grande,2504009,city,13973,3393.09434,54,412,1,0.0295,411807,False,False
202046,2020-11-14,233,PB,Campina Grande,2504009,city,13973,3393.09434,0,412,0,0.0295,411807,False,True
202047,2020-11-15,234,PB,Campina Grande,2504009,city,13982,3395.27983,9,412,0,0.0295,411807,False,False
202047,2020-11-16,235,PB,Campina Grande,2504009,city,14075,3417.86322,93,412,0,0.0293,411807,False,False
202047,2020-11-17,236,PB,Campina Grande,2504009,city,14105,3425.14819,30,412,0,0.0292,411807,False,False
202047,2020-11-18,237,PB,Campina Grande,2504009,city,14146,3435.10431,41,412,0,0.0291,411807,False,False
202047,2020-11-19,238,PB,Campina Grande,2504009,city,14172,3441.41795,26,413,1,0.0291,411807,False,False
202047,2020-11-20,239,PB,Campina Grande,2504009,city,14197,3447.48875,25,413,0,0.0291,411807,False,False
202047,2020-11-21,240,PB,Campina Grande,2504009,city,14197,3447.48875,0,413,0,0.0291,411807,False,True
202048,2020-11-22,241,PB,Campina Grande,2504009,city,14265,3464.00134,68,413,0,0.029,411807,False,False
202048,2020-11-23,242,PB,Campina Grande,2504009,city,14265,3464.00134,0,413,0,0.029,411807,False,True
202048,2020-11-24,243,PB,Campina Grande,2504009,city,14289,3469.82931,24,415,2,0.029,411807,False,False
202048,2020-11-25,244,PB,Campina Grande,2504009,city,14329,3479.5426,40,415,0,0.029,411807,False,False
202048,2020-11-26,245,PB,Campina Grande,2504009,city,14359,3486.82757,30,415,0,0.0289,411807,False,False
202048,2020-11-27,246,PB,Campina Grande,2504009,city,14359,3486.82757,0,415,0,0.0289,411807,False,False
202048,2020-11-28,247,PB,Campina Grande,2504009,city,14389,3494.11253,30,415,0,0.0288,411807,False,False
202049,2020-11-29,248,PB,Campina Grande,2504009,city,14399,3496.54086,10,415,0,0.0288,411807,False,False
202049,2020-11-30,249,PB,Campina Grande,2504009,city,14403,3497.51218,4,416,1,0.0289,411807,False,False
202049,2020-12-01,250,PB,Campina Grande,2504009,city,14433,3504.79715,30,417,1,0.0289,411807,False,False
202049,2020-12-02,251,PB,Campina Grande,2504009,city,14463,3512.08212,30,417,0,0.0288,411807,False,False
202049,2020-12-03,252,PB,Campina Grande,2504009,city,14502,3521.55257,39,417,0,0.0288,411807,False,False
202049,2020-12-04,253,PB,Campina Grande,2504009,city,14541,3531.02303,39,414,-3,0.0285,411807,False,False
202049,2020-12-05,254,PB,Campina Grande,2504009,city,14554,3534.17985,13,414,0,0.0284,411807,False,False
202050,2020-12-06,255,PB,Campina Grande,2504009,city,14557,3534.90834,3,418,4,0.0287,411807,False,False
202050,2020-12-07,256,PB,Campina Grande,2504009,city,14566,3537.09383,9,421,3,0.0289,411807,False,False
202050,2020-12-08,257,PB,Campina Grande,2504009,city,14598,3544.86446,32,422,1,0.0289,411807,False,False
202050,2020-12-09,258,PB,Campina Grande,2504009,city,14616,3549.23544,18,422,0,0.0289,411807,False,False
202050,2020-12-10,259,PB,Campina Grande,2504009,city,14652,3557.9774,36,422,0,0.0288,411807,False,False
202050,2020-12-11,260,PB,Campina Grande,2504009,city,14652,3557.9774,0,422,0,0.0288,411807,False,True
202050,2020-12-12,261,PB,Campina Grande,2504009,city,14748,3581.28929,96,424,2,0.0287,411807,False,False
202051,2020-12-13,262,PB,Campina Grande,2504009,city,14754,3582.74629,6,424,0,0.0287,411807,False,False
202051,2020-12-14,263,PB,Campina Grande,2504009,city,14768,3586.14594,14,424,0,0.0287,411807,False,False
202051,2020-12-15,264,PB,Campina Grande,2504009,city,14792,3591.97391,24,425,1,0.0287,411807,False,False
202051,2020-12-16,265,PB,Campina Grande,2504009,city,14850,3606.05818,58,427,2,0.0288,411807,False,False
202051,2020-12-17,266,PB,Campina Grande,2504009,city,14892,3616.25713,42,427,0,0.0287,411807,False,False
202051,2020-12-18,267,PB,Campina Grande,2504009,city,14934,3626.45608,42,432,5,0.0289,411807,False,False
202051,2020-12-19,268,PB,Campina Grande,2504009,city,14934,3626.45608,0,432,0,0.0289,411807,False,True
202052,2020-12-20,269,PB,Campina Grande,2504009,city,15016,3646.36832,82,432,0,0.0288,411807,False,False
202052,2020-12-21,270,PB,Campina Grande,2504009,city,15016,3646.36832,0,432,0,0.0288,411807,False,True
202052,2020-12-22,271,PB,Campina Grande,2504009,city,15016,3646.36832,0,432,0,0.0288,411807,False,True
202052,2020-12-23,272,PB,Campina Grande,2504009,city,15093,3665.0664,77,432,0,0.0286,411807,False,False
202052,2020-12-24,273,PB,Campina Grande,2504009,city,15149,3678.66501,56,432,0,0.0285,411807,False,False
202052,2020-12-25,274,PB,Campina Grande,2504009,city,15149,3678.66501,0,432,0,0.0285,411807,False,True
202052,2020-12-26,275,PB,Campina Grande,2504009,city,15246,3702.21973,97,435,3,0.0285,411807,False,False
202053,2020-12-27,276,PB,Campina Grande,2504009,city,15266,3707.07637,20,439,4,0.0288,411807,False,False
202053,2020-12-28,277,PB,Campina Grande,2504009,city,15266,3707.07637,0,439,0,0.0288,411807,False,True
202053,2020-12-29,278,PB,Campina Grande,2504009,city,15290,3712.90435,24,443,4,0.029,411807,False,False
202053,2020-12-30,279,PB,Campina Grande,2504009,city,15290,3712.90435,0,443,0,0.029,411807,False,True
202053,2020-12-31,280,PB,Campina Grande,2504009,city,15405,3740.83005,115,446,3,0.029,411807,False,False
202053,2021-01-01,281,PB,Campina Grande,2504009,city,15451,3752.00033,46,446,0,0.0289,411807,False,False
202053,2021-01-02,282,PB,Campina Grande,2504009,city,15490,3761.47079,39,449,3,0.029,411807,False,False
202101,2021-01-03,283,PB,Campina Grande,2504009,city,15516,3767.78442,26,450,1,0.029,411807,False,False
202101,2021-01-04,284,PB,Campina Grande,2504009,city,15533,3771.91257,17,451,1,0.029,411807,False,False
202101,2021-01-05,285,PB,Campina Grande,2504009,city,15561,3778.71187,28,453,2,0.0291,411807,False,False
202101,2021-01-06,286,PB,Campina Grande,2504009,city,15640,3797.89562,79,455,2,0.0291,411807,False,False
202101,2021-01-07,287,PB,Campina Grande,2504009,city,15693,3810.76572,53,461,6,0.0294,411807,False,False
202101,2021-01-08,288,PB,Campina Grande,2504009,city,15735,3820.96468,42,465,4,0.0296,411807,False,False
202101,2021-01-09,289,PB,Campina Grande,2504009,city,15765,3828.24964,30,465,0,0.0295,411807,False,False
202102,2021-01-10,290,PB,Campina Grande,2504009,city,15805,3837.96293,40,466,1,0.0295,411807,False,False
202102,2021-01-11,291,PB,Campina Grande,2504009,city,15805,3837.96293,0,466,0,0.0295,411807,False,True
202102,2021-01-12,292,PB,Campina Grande,2504009,city,15894,3859.575,89,468,2,0.0294,411807,False,False
202102,2021-01-13,293,PB,Campina Grande,2504009,city,15935,3869.53112,41,471,3,0.0296,411807,False,False
202102,2021-01-14,294,PB,Campina Grande,2504009,city,16027,3891.87168,92,474,3,0.0296,411807,False,False
202102,2021-01-15,295,PB,Campina Grande,2504009,city,16099,3909.3556,72,474,0,0.0294,411807,False,False
202102,2021-01-16,296,PB,Campina Grande,2504009,city,16202,3934.36731,103,476,2,0.0294,411807,False,False
202103,2021-01-17,297,PB,Campina Grande,2504009,city,16314,3961.56452,112,478,2,0.0293,411807,False,False
202103,2021-01-18,298,PB,Campina Grande,2504009,city,16372,3975.64879,58,481,3,0.0294,411807,False,False
202103,2021-01-19,299,PB,Campina Grande,2504009,city,16426,3988.76173,54,486,5,0.0296,411807,False,False
202103,2021-01-20,300,PB,Campina Grande,2504009,city,16489,4004.06015,63,491,5,0.0298,411807,False,False
202103,2021-01-21,301,PB,Campina Grande,2504009,city,16584,4027.12921,95,493,2,0.0297,411807,False,False
202103,2021-01-22,302,PB,Campina Grande,2504009,city,16664,4046.55579,80,496,3,0.0298,411807,False,False
202103,2021-01-23,303,PB,Campina Grande,2504009,city,16757,4069.13918,93,500,4,0.0298,411807,False,False
202104,2021-01-24,304,PB,Campina Grande,2504009,city,16803,4080.30947,46,502,2,0.0299,411807,False,False
202104,2021-01-25,305,PB,Campina Grande,2504009,city,16922,4109.2065,119,503,1,0.0297,411807,False,False
202104,2021-01-26,306,PB,Campina Grande,2504009,city,16939,4113.33464,17,503,0,0.0297,411807,False,False
202104,2021-01-27,307,PB,Campina Grande,2504009,city,17019,4132.76122,80,504,1,0.0296,411807,False,False
202104,2021-01-28,308,PB,Campina Grande,2504009,city,17098,4151.94496,79,505,1,0.0295,411807,False,False
202104,2021-01-29,309,PB,Campina Grande,2504009,city,17171,4169.67172,73,506,1,0.0295,411807,False,False
202104,2021-01-30,310,PB,Campina Grande,2504009,city,17218,4181.08483,47,509,3,0.0296,411807,False,False
202105,2021-01-31,311,PB,Campina Grande,2504009,city,17302,4201.48273,84,512,3,0.0296,411807,False,False
202105,2021-02-01,312,PB,Campina Grande,2504009,city,17346,4212.16735,44,514,2,0.0296,411807,False,False
202105,2021-02-02,313,PB,Campina Grande,2504009,city,17487,4246.40669,141,517,3,0.0296,411807,False,False
202105,2021-02-03,314,PB,Campina Grande,2504009,city,17548,4261.21945,61,520,3,0.0296,411807,False,False
202105,2021-02-04,315,PB,Campina Grande,2504009,city,17572,4267.04743,24,521,1,0.0296,411807,False,False
202105,2021-02-05,316,PB,Campina Grande,2504009,city,17666,4289.87365,94,524,3,0.0297,411807,False,False
202105,2021-02-06,317,PB,Campina Grande,2504009,city,17746,4309.30023,80,528,4,0.0298,411807,False,False
202106,2021-02-07,318,PB,Campina Grande,2504009,city,17787,4319.25635,41,530,2,0.0298,411807,False,False
202106,2021-02-08,319,PB,Campina Grande,2504009,city,17929,4353.73852,142,530,0,0.0296,411807,False,False
202106,2021-02-09,320,PB,Campina Grande,2504009,city,18123,4400.84797,194,531,1,0.0293,411807,False,False
202106,2021-02-10,321,PB,Campina Grande,2504009,city,18202,4420.03171,79,532,1,0.0292,411807,False,False
202106,2021-02-11,322,PB,Campina Grande,2504009,city,18257,4433.38748,55,534,2,0.0292,411807,False,False
202106,2021-02-12,323,PB,Campina Grande,2504009,city,18347,4455.24238,90,537,3,0.0293,411807,False,False
202106,2021-02-13,324,PB,Campina Grande,2504009,city,18448,4479.76844,101,540,3,0.0293,411807,False,False
202107,2021-02-14,325,PB,Campina Grande,2504009,city,18498,4491.91005,50,542,2,0.0293,411807,False,False
202107,2021-02-15,326,PB,Campina Grande,2504009,city,18615,4520.32141,117,543,1,0.0292,411807,False,False
202107,2021-02-16,327,PB,Campina Grande,2504009,city,18677,4535.37701,62,547,4,0.0293,411807,False,False
202107,2021-02-17,328,PB,Campina Grande,2504009,city,18765,4556.74624,88,549,2,0.0293,411807,False,False
202107,2021-02-18,329,PB,Campina Grande,2504009,city,18898,4589.04293,133,551,2,0.0292,411807,False,False
202107,2021-02-19,330,PB,Campina Grande,2504009,city,19047,4625.22492,149,556,5,0.0292,411807,False,False
202107,2021-02-20,331,PB,Campina Grande,2504009,city,19205,4663.59241,158,559,3,0.0291,411807,False,False
202108,2021-02-21,332,PB,Campina Grande,2504009,city,19263,4677.67668,58,560,1,0.0291,411807,False,False
202108,2021-02-22,333,PB,Campina Grande,2504009,city,19451,4723.32913,188,562,2,0.0289,411807,False,False
202108,2021-02-23,334,PB,Campina Grande,2504009,city,19596,4758.5398,145,562,0,0.0287,411807,False,False
202108,2021-02-24,335,PB,Campina Grande,2504009,city,19864,4823.61883,268,562,0,0.0283,411807,False,False
202108,2021-02-25,336,PB,Campina Grande,2504009,city,20014,4860.04366,150,563,1,0.0281,411807,False,False
202108,2021-02-26,337,PB,Campina Grande,2504009,city,20160,4895.49716,146,565,2,0.028,411807,False,False
202108,2021-02-27,338,PB,Campina Grande,2504009,city,20294,4928.03668,134,566,1,0.0279,411807,False,False
202109,2021-02-28,339,PB,Campina Grande,2504009,city,20435,4962.27602,141,568,2,0.0278,411807,False,False
202109,2021-03-01,340,PB,Campina Grande,2504009,city,20515,4981.70259,80,568,0,0.0277,411807,False,False
202109,2021-03-02,341,PB,Campina Grande,2504009,city,20646,5013.51361,131,570,2,0.0276,411807,False,False
202109,2021-03-03,342,PB,Campina Grande,2504009,city,20646,5013.51361,0,570,0,0.0276,411807,False,False
202109,2021-03-04,343,PB,Campina Grande,2504009,city,20847,5062.32288,201,578,8,0.0277,411807,False,False
202109,2021-03-05,344,PB,Campina Grande,2504009,city,20847,5062.32288,0,578,0,0.0277,411807,False,False
202109,2021-03-06,345,PB,Campina Grande,2504009,city,21043,5109.918,196,581,3,0.0276,411807,False,False
202110,2021-03-07,346,PB,Campina Grande,2504009,city,21134,5132.01573,91,585,4,0.0277,411807,False,False
202110,2021-03-08,347,PB,Campina Grande,2504009,city,21274,5166.01223,140,590,5,0.0277,411807,False,False
202110,2021-03-09,348,PB,Campina Grande,2504009,city,21386,5193.20944,112,591,1,0.0276,411807,False,False
202110,2021-03-10,349,PB,Campina Grande,2504009,city,21498,5220.40665,112,595,4,0.0277,411807,False,False
202110,2021-03-11,350,PB,Campina Grande,2504009,city,21647,5256.58864,149,598,3,0.0276,411807,False,False
202110,2021-03-12,351,PB,Campina Grande,2504009,city,21758,5283.54302,111,599,1,0.0275,411807,False,False
202110,2021-03-13,352,PB,Campina Grande,2504009,city,21864,5309.28323,106,601,2,0.0275,411807,False,False
202111,2021-03-14,353,PB,Campina Grande,2504009,city,21959,5332.35229,95,609,8,0.0277,411807,False,False
202111,2021-03-15,354,PB,Campina Grande,2504009,city,22108,5368.53429,149,613,4,0.0277,411807,False,False
202111,2021-03-16,355,PB,Campina Grande,2504009,city,22188,5387.96087,80,616,3,0.0278,411807,False,False
202111,2021-03-17,356,PB,Campina Grande,2504009,city,22188,5387.96087,0,616,0,0.0278,411807,False,True
202111,2021-03-18,357,PB,Campina Grande,2504009,city,22328,5421.95737,140,623,7,0.0279,411807,False,False
202111,2021-03-19,358,PB,Campina Grande,2504009,city,22407,5441.14112,79,626,3,0.0279,411807,False,False
202111,2021-03-20,359,PB,Campina Grande,2504009,city,22502,5464.21018,95,631,5,0.028,411807,False,False
202112,2021-03-21,360,PB,Campina Grande,2504009,city,22569,5480.47993,67,634,3,0.0281,411807,False,False
202112,2021-03-22,361,PB,Campina Grande,2504009,city,22663,5503.30616,94,635,1,0.028,411807,False,False
202112,2021-03-23,362,PB,Campina Grande,2504009,city,22706,5513.74795,43,637,2,0.0281,411807,False,False
202112,2021-03-24,363,PB,Campina Grande,2504009,city,22795,5535.36001,89,638,1,0.028,411807,False,False
202112,2021-03-25,364,PB,Campina Grande,2504009,city,22941,5570.81351,146,642,4,0.028,411807,False,False
202112,2021-03-26,365,PB,Campina Grande,2504009,city,23078,5604.08152,137,644,2,0.0279,411807,False,False
202112,2021-03-27,366,PB,Campina Grande,2504009,city,23209,5635.89254,131,652,8,0.0281,411807,False,False
202113,2021-03-28,367,PB,Campina Grande,2504009,city,23338,5667.2179,129,655,3,0.0281,411807,False,False
202113,2021-03-29,368,PB,Campina Grande,2504009,city,23448,5693.92944,110,658,3,0.0281,411807,False,False
202113,2021-03-30,369,PB,Campina Grande,2504009,city,23569,5723.31213,121,662,4,0.0281,411807,False,False
202113,2021-03-31,370,PB,Campina Grande,2504009,city,23682,5750.75217,113,672,10,0.0284,411807,False,False
202113,2021-04-01,371,PB,Campina Grande,2504009,city,23800,5779.40637,118,675,3,0.0284,411807,False,False
202113,2021-04-02,372,PB,Campina Grande,2504009,city,23943,5814.13138,143,682,7,0.0285,411807,False,False
202113,2021-04-03,373,PB,Campina Grande,2504009,city,24011,5830.64397,68,687,5,0.0286,411807,False,False
202114,2021-04-04,374,PB,Campina Grande,2504009,city,24151,5864.64047,140,691,4,0.0286,411807,False,False
202114,2021-04-05,375,PB,Campina Grande,2504009,city,24151,5864.64047,0,691,0,0.0286,411807,False,True
202114,2021-04-06,376,PB,Campina Grande,2504009,city,24356,5914.42108,205,696,5,0.0286,411807,False,False
202114,2021-04-07,377,PB,Campina Grande,2504009,city,24356,5914.42108,0,696,0,0.0286,411807,False,True
202114,2021-04-08,378,PB,Campina Grande,2504009,city,24750,6010.09696,394,701,5,0.0283,411807,False,False
202114,2021-04-09,379,PB,Campina Grande,2504009,city,24838,6031.4662,88,702,1,0.0283,411807,False,False
202114,2021-04-10,380,PB,Campina Grande,2504009,city,24902,6047.00746,64,709,7,0.0285,411807,False,False
202115,2021-04-11,381,PB,Campina Grande,2504009,city,24952,6059.14907,50,711,2,0.0285,411807,False,False
202115,2021-04-12,382,PB,Campina Grande,2504009,city,25085,6091.44575,133,715,4,0.0285,411807,False,False
202115,2021-04-13,383,PB,Campina Grande,2504009,city,25193,6117.67163,108,719,4,0.0285,411807,False,False
202115,2021-04-14,384,PB,Campina Grande,2504009,city,25257,6133.21289,64,722,3,0.0286,411807,False,False
202115,2021-04-15,385,PB,Campina Grande,2504009,city,25405,6169.15205,148,725,3,0.0285,411807,False,False
202115,2021-04-16,386,PB,Campina Grande,2504009,city,25492,6190.27846,87,727,2,0.0285,411807,False,False
202115,2021-04-17,387,PB,Campina Grande,2504009,city,25589,6213.83318,97,730,3,0.0285,411807,False,False
202116,2021-04-18,388,PB,Campina Grande,2504009,city,25674,6234.47392,85,731,1,0.0285,411807,False,False
202116,2021-04-19,389,PB,Campina Grande,2504009,city,25718,6245.15853,44,733,2,0.0285,411807,False,False
202116,2021-04-20,390,PB,Campina Grande,2504009,city,25793,6263.37095,75,738,5,0.0286,411807,False,False
202116,2021-04-21,391,PB,Campina Grande,2504009,city,25955,6302.70976,162,742,4,0.0286,411807,False,False
202116,2021-04-22,392,PB,Campina Grande,2504009,city,25955,6302.70976,0,742,0,0.0286,411807,False,True
202116,2021-04-23,393,PB,Campina Grande,2504009,city,26207,6363.90348,252,751,9,0.0287,411807,False,False
202116,2021-04-24,394,PB,Campina Grande,2504009,city,26273,6379.9304,66,753,2,0.0287,411807,False,False
202117,2021-04-25,395,PB,Campina Grande,2504009,city,26338,6395.7145,65,758,5,0.0288,411807,False,False
202117,2021-04-26,396,PB,Campina Grande,2504009,city,26442,6420.96905,104,763,5,0.0289,411807,False,False
202117,2021-04-27,397,PB,Campina Grande,2504009,city,26494,6433.59632,52,767,4,0.0289,411807,False,False
202117,2021-04-28,398,PB,Campina Grande,2504009,city,26545,6445.98076,51,770,3,0.029,411807,False,False
202117,2021-04-29,399,PB,Campina Grande,2504009,city,26624,6465.16451,79,771,1,0.029,411807,False,False
202117,2021-04-30,400,PB,Campina Grande,2504009,city,26733,6491.63322,109,773,2,0.0289,411807,False,False
202117,2021-05-01,401,PB,Campina Grande,2504009,city,26792,6505.96032,59,775,2,0.0289,411807,False,False
202118,2021-05-02,402,PB,Campina Grande,2504009,city,26840,6517.61626,48,776,1,0.0289,411807,False,False
202118,2021-05-03,403,PB,Campina Grande,2504009,city,26906,6533.64319,66,779,3,0.029,411807,False,False
202118,2021-05-04,404,PB,Campina Grande,2504009,city,26968,6548.69878,62,778,-1,0.0288,411807,False,False
202118,2021-05-05,405,PB,Campina Grande,2504009,city,26998,6555.98375,30,778,0,0.0288,411807,False,False
202118,2021-05-06,406,PB,Campina Grande,2504009,city,27055,6569.82519,57,779,1,0.0288,411807,False,False
202118,2021-05-07,407,PB,Campina Grande,2504009,city,27121,6585.85211,66,784,5,0.0289,411807,False,False
202118,2021-05-08,408,PB,Campina Grande,2504009,city,27221,6610.13533,100,787,3,0.0289,411807,False,False
202119,2021-05-09,409,PB,Campina Grande,2504009,city,27272,6622.51977,51,793,6,0.0291,411807,False,False
202119,2021-05-10,410,PB,Campina Grande,2504009,city,27304,6630.2904,32,797,4,0.0292,411807,False,False
202119,2021-05-11,411,PB,Campina Grande,2504009,city,27335,6637.8182,31,802,5,0.0293,411807,False,False
202119,2021-05-12,412,PB,Campina Grande,2504009,city,27391,6651.4168,56,811,9,0.0296,411807,False,False
202119,2021-05-13,413,PB,Campina Grande,2504009,city,27443,6664.04408,52,819,8,0.0298,411807,False,False
202119,2021-05-14,414,PB,Campina Grande,2504009,city,27443,6664.04408,0,819,0,0.0298,411807,False,True
202119,2021-05-15,415,PB,Campina Grande,2504009,city,27654,6715.28167,211,833,14,0.0301,411807,False,False
202120,2021-05-16,416,PB,Campina Grande,2504009,city,27737,6735.43675,83,834,1,0.0301,411807,False,False
202120,2021-05-17,417,PB,Campina Grande,2504009,city,27827,6757.29164,90,844,10,0.0303,411807,False,False
202120,2021-05-18,418,PB,Campina Grande,2504009,city,27905,6776.23256,78,847,3,0.0304,411807,False,False
202120,2021-05-19,419,PB,Campina Grande,2504009,city,27945,6785.94584,40,848,1,0.0303,411807,False,False
202120,2021-05-20,420,PB,Campina Grande,2504009,city,28063,6814.60004,118,850,2,0.0303,411807,False,False
202120,2021-05-21,421,PB,Campina Grande,2504009,city,28122,6828.92714,59,855,5,0.0304,411807,False,False
202120,2021-05-22,422,PB,Campina Grande,2504009,city,28221,6852.96753,99,858,3,0.0304,411807,False,False
202121,2021-05-23,423,PB,Campina Grande,2504009,city,28295,6870.93711,74,859,1,0.0304,411807,False,False
202121,2021-05-24,424,PB,Campina Grande,2504009,city,28381,6891.82068,86,863,4,0.0304,411807,False,False
202121,2021-05-25,425,PB,Campina Grande,2504009,city,28480,6915.86107,99,865,2,0.0304,411807,False,False
202121,2021-05-26,426,PB,Campina Grande,2504009,city,28661,6959.8137,181,869,4,0.0303,411807,False,False
202121,2021-05-27,427,PB,Campina Grande,2504009,city,28745,6980.2116,84,873,4,0.0304,411807,False,False
202121,2021-05-28,428,PB,Campina Grande,2504009,city,28966,7033.87752,221,878,5,0.0303,411807,False,False
202121,2021-05-29,429,PB,Campina Grande,2504009,city,29080,7061.56039,114,880,2,0.0303,411807,False,False
202122,2021-05-30,430,PB,Campina Grande,2504009,city,29162,7081.47263,82,887,7,0.0304,411807,False,False
202122,2021-05-31,431,PB,Campina Grande,2504009,city,29294,7113.52648,132,892,5,0.0304,411807,False,False
202122,2021-06-01,432,PB,Campina Grande,2504009,city,29465,7155.05079,171,896,4,0.0304,411807,False,False
202122,2021-06-02,433,PB,Campina Grande,2504009,city,29633,7195.8466,168,901,5,0.0304,411807,False,False
202122,2021-06-03,434,PB,Campina Grande,2504009,city,29951,7273.06724,318,904,3,0.0302,411807,False,False
202122,2021-06-04,435,PB,Campina Grande,2504009,city,30207,7335.23228,256,907,3,0.03,411807,False,False
202122,2021-06-05,436,PB,Campina Grande,2504009,city,30468,7398.61149,261,914,7,0.03,411807,False,False
202123,2021-06-06,437,PB,Campina Grande,2504009,city,30698,7454.46289,230,920,6,0.03,411807,False,False
202123,2021-06-07,438,PB,Campina Grande,2504009,city,30936,7512.25696,238,922,2,0.0298,411807,False,False
202123,2021-06-08,439,PB,Campina Grande,2504009,city,31021,7532.89769,85,923,1,0.0298,411807,False,False
202123,2021-06-09,440,PB,Campina Grande,2504009,city,31118,7556.45242,97,928,5,0.0298,411807,False,False
202123,2021-06-10,441,PB,Campina Grande,2504009,city,31725,7703.85156,607,936,8,0.0295,411807,False,False
202123,2021-06-11,442,PB,Campina Grande,2504009,city,32006,7772.08741,281,943,7,0.0295,411807,False,False
202123,2021-06-12,443,PB,Campina Grande,2504009,city,32006,7772.08741,0,943,0,0.0295,411807,False,True
202124,2021-06-13,444,PB,Campina Grande,2504009,city,32478,7886.70421,472,954,11,0.0294,411807,False,False
202124,2021-06-14,445,PB,Campina Grande,2504009,city,32847,7976.30929,369,963,9,0.0293,411807,False,False
202124,2021-06-15,446,PB,Campina Grande,2504009,city,33109,8039.93133,262,966,3,0.0292,411807,False,False
202124,2021-06-16,447,PB,Campina Grande,2504009,city,33371,8103.55336,262,969,3,0.029,411807,False,False
202124,2021-06-17,448,PB,Campina Grande,2504009,city,33371,8103.55336,0,969,0,0.029,411807,False,True
202124,2021-06-18,449,PB,Campina Grande,2504009,city,33666,8175.18886,295,972,3,0.0289,411807,False,False
202124,2021-06-19,450,PB,Campina Grande,2504009,city,34214,8308.26091,548,978,6,0.0286,411807,False,False
202125,2021-06-20,451,PB,Campina Grande,2504009,city,34496,8376.73959,282,984,6,0.0285,411807,False,False
202125,2021-06-21,452,PB,Campina Grande,2504009,city,34639,8411.46459,143,987,3,0.0285,411807,False,False
202125,2021-06-22,453,PB,Campina Grande,2504009,city,34836,8459.30254,197,990,3,0.0284,411807,False,False
202125,2021-06-23,454,PB,Campina Grande,2504009,city,35106,8524.86723,270,991,1,0.0282,411807,False,False
202125,2021-06-24,455,PB,Campina Grande,2504009,city,35309,8574.16217,203,994,3,0.0282,411807,False,False
202125,2021-06-25,456,PB,Campina Grande,2504009,city,35652,8657.45361,343,997,3,0.028,411807,False,False
202125,2021-06-26,457,PB,Campina Grande,2504009,city,35971,8734.91708,319,999,2,0.0278,411807,False,False
202126,2021-06-27,458,PB,Campina Grande,2504009,city,36307,8816.5087,336,1002,3,0.0276,411807,False,False
202126,2021-06-28,459,PB,Campina Grande,2504009,city,36513,8866.53214,206,1003,1,0.0275,411807,False,False
202126,2021-06-29,460,PB,Campina Grande,2504009,city,36885,8956.86572,372,1007,4,0.0273,411807,False,False
202126,2021-06-30,461,PB,Campina Grande,2504009,city,37074,9002.761,189,1008,1,0.0272,411807,False,False
202126,2021-07-01,462,PB,Campina Grande,2504009,city,37159,9023.40174,85,1010,2,0.0272,411807,False,False
